Workbook

Sheet Datos
A1: 0 | B1: 1 | C1: 2 | D1: 3 | E1: 4 | F1: 5 | G1: 6 | H1: 7 | I1: 8 | J1: 9 | K1: 10 | L1: 11 | M1: 12 | N1: 13 | O1: 14 | P1: 15 | Q1: 16 | R1: 17 | S1: 18 | T1: 19 | U1: 20 | V1: 21 | W1: 22 | X1: 23 | Y1: 24 | Z1: 25 | AA1: 26 | AB1: 27 | AC1: 28 | AD1: 29 | AE1: 30 | AF1: 31 | AG1: 32 | AH1: 33 | AI1: 34 | AJ1: 35 | AK1: 36 | AL1: 37 | AM1: 38 | AN1: 39 | AO1: 40 | AP1: 41 | AQ1: 42 | AR1: 43 | AS1: 44 | AT1: 45 | AU1: 46 | AV1: 47
A2: Clave ubic | B2: Clave | C2: Sem | D2: Ubicación | E2: Clasif | F2: Packing | G2: Alm | H2: J | I2: A | J2: SX | K2: B | L2: X | M2: C | N2: 1ra | O2: D | P2: 2da | Q2: E | R2: 3ra | S2: F | T2: 4ta | U2: G | V2: SM | W2: H | X2: SS | Y2: I | Z2: ST | AA2: J | AB2: TM | AC2: K | AD2: TS | AE2: L | AF2: TT | AG2: M | AH2: LM | AI2: N | AJ2: O | AK2: P | AL2: total maq | AM2: Q | AN2: tot no maq | AO2: R | AP2: Total Gral | AQ2: SUCIO | AR2: ST/CAJA | AS2: TRIZADO | AT2: TT/CAJA | AU2: LIQUIDO | AV2: LM/CAJA
A3: =+CONCATENATE(D3,C3) -> Calera1 | B3: =+CONCATENATE(G3,C3) -> CA3A1 | C3: 1 | D3: Calera | E3: color | F3: Packing 1 Color | G3: CA3A | H3: 4440 | J3: 14400 | L3: 0 | N3: 47700 | P3: 540 | V3: 984 | X3: 750 | Z3: 1734 | AB3: 714 | AD3: 900 | AF3: 1614 | AH3: 402 | AL3: 69180 | AN3: 1650 | AP3: 70830 | AQ3: =+Z3/AP3 -> 0.024481152 | AR3: =+Z3/180 -> 9.6333333 | AS3: =+AF3/AP3 -> 0.022786955 | AT3: =+AF3/180 -> 8.9666667 | AU3: =+AH3/AP3 -> 0.0056755612 | AV3: =+AH3/180 -> 2.2333333
A4: =+CONCATENATE(D4,C4) -> Calera1 | B4: =+CONCATENATE(G4,C4) -> CA3B1 | C4: 1 | D4: Calera | E4: color | F4: Packing 1 Color | G4: CA3B | H4: 1200 | J4: 11740 | L4: 24600 | N4: 30240 | P4: 6840 | V4: 1869 | X4: 930 | Z4: 2799 | AB4: 1098 | AD4: 810 | AF4: 1908 | AH4: 473 | AL4: 78060 | AN4: 1740 | AP4: 79800 | AQ4: =+Z4/AP4 -> 0.035075188 | AR4: =+Z4/180 -> 15.55 | AS4: =+AF4/AP4 -> 0.023909774 | AT4: =+AF4/180 -> 10.6 | AU4: =+AH4/AP4 -> 0.0059273183 | AV4: =+AH4/180 -> 2.6277778
A5: =+CONCATENATE(D5,C5) -> Calera1 | B5: =+CONCATENATE(G5,C5) -> CA3BB1 | C5: 1 | D5: Calera | E5: blanco | F5: Packing 1 Color | G5: CA3BB | H5: 720 | J5: 1980 | L5: 3780 | N5: 540 | P5: 0 | V5: 210 | X5: 150 | Z5: 360 | AB5: 90 | AD5: 60 | AF5: 150 | AH5: 90 | AL5: 7410 | AN5: 210 | AP5: 7620 | AQ5: =+Z5/AP5 -> 0.047244094 | AR5: =+Z5/180 -> 2 | AS5: =+AF5/AP5 -> 0.019685039 | AT5: =+AF5/180 -> 0.83333333 | AU5: =+AH5/AP5 -> 0.011811024 | AV5: =+AH5/180 -> 0.5
A6: =+CONCATENATE(D6,C6) -> Calera1 | B6: =+CONCATENATE(G6,C6) -> CAP1A1 | C6: 1 | D6: Calera | E6: color | F6: Packing 1 Color | G6: CAP1A | H6: 0 | J6: 0 | L6: 0 | N6: 16740 | P6: 6120 | V6: 840 | X6: 570 | Z6: 1410 | AB6: 60 | AD6: 0 | AF6: 60 | AH6: 270 | AL6: 24030 | AN6: 570 | AP6: 24600 | AQ6: =+Z6/AP6 -> 0.057317073 | AR6: =+Z6/180 -> 7.8333333 | AS6: =+AF6/AP6 -> 0.0024390244 | AT6: =+AF6/180 -> 0.33333333 | AU6: =+AH6/AP6 -> 0.01097561 | AV6: =+AH6/180 -> 1.5
A7: =+CONCATENATE(D7,C7) -> Calera1 | B7: =+CONCATENATE(G7,C7) -> CAP1B1 | C7: 1 | D7: Calera | E7: color | F7: Packing 1 Color | G7: CAP1B | H7: 240 | J7: 0 | L7: 9600 | N7: 4860 | P7: 360 | V7: 360 | X7: 180 | Z7: 540 | AB7: 90 | AD7: 0 | AF7: 90 | AH7: 210 | AL7: 15720 | AN7: 180 | AP7: 15900 | AQ7: =+Z7/AP7 -> 0.033962264 | AR7: =+Z7/180 -> 3 | AS7: =+AF7/AP7 -> 0.0056603774 | AT7: =+AF7/180 -> 0.5 | AU7: =+AH7/AP7 -> 0.013207547 | AV7: =+AH7/180 -> 1.1666667
A8: =+CONCATENATE(D8,C8) -> Calera1 | B8: =+CONCATENATE(G8,C8) -> CAP1c1 | C8: 1 | D8: Calera | E8: color | F8: Packing 1 Color | G8: CAP1c | H8: 720 | J8: 0 | L8: 3500 | N8: 14040 | P8: 5940 | V8: 318 | X8: 420 | Z8: 738 | AB8: 336 | AD8: 0 | AF8: 336 | AH8: 46 | AL8: 24900 | AN8: 420 | AP8: 25320 | AQ8: =+Z8/AP8 -> 0.029146919 | AR8: =+Z8/180 -> 4.1 | AS8: =+AF8/AP8 -> 0.013270142 | AT8: =+AF8/180 -> 1.8666667 | AU8: =+AH8/AP8 -> 0.0018167457 | AV8: =+AH8/180 -> 0.25555556
A9: =+CONCATENATE(D9,C9) -> Pichidegua1 | B9: =+CONCATENATE(G9,C9) -> PICH1A1 | C9: 1 | D9: Pichidegua | F9: Packing 1 Blanco | G9: PICH1A | AQ9: 0 | AR9: =+Z9/180 -> 0 | AS9: 0 | AT9: =+AF9/180 -> 0 | AU9: 0 | AV9: =+AH9/180 -> 0
A10: =+CONCATENATE(D10,C10) -> Pichidegua1 | B10: =+CONCATENATE(G10,C10) -> PICH2A1 | C10: 1 | D10: Pichidegua | E10: color | F10: Packing 1 Blanco | G10: PICH2A | H10: 360 | J10: 10980 | L10: 81600 | N10: 52920 | P10: 37260 | R10: 0 | V10: 4080 | X10: 18450 | Z10: 22530 | AB10: 2979 | AD10: 2100 | AF10: 5079 | AH10: 1661 | AL10: 191840 | AN10: 20550 | AP10: 212390 | AQ10: =+Z10/AP10 -> 0.10607844 | AR10: =+Z10/180 -> 125.16667 | AS10: =+AF10/AP10 -> 0.023913555 | AT10: =+AF10/180 -> 28.216667 | AU10: =+AH10/AP10 -> 0.0078205189 | AV10: =+AH10/180 -> 9.2277778
A11: =+CONCATENATE(D11,C11) -> Pichidegua1 | B11: =+CONCATENATE(G11,C11) -> PICH3A1 | C11: 1 | D11: Pichidegua | E11: blanco | F11: Packing 3 | G11: PICH3A | H11: 3600 | J11: 27540 | L11: 204020 | N11: 137340 | P11: 6840 | R11: 0 | V11: 23760 | X11: 0 | Z11: 23760 | AB11: 1980 | AD11: 0 | AF11: 1980 | AH11: 300 | AL11: 405380 | AN11: 0 | AP11: 405380 | AQ11: =+Z11/AP11 -> 0.058611673 | AR11: =+Z11/180 -> 132 | AS11: =+AF11/AP11 -> 0.0048843061 | AT11: =+AF11/180 -> 11 | AU11: =+AH11/AP11 -> 0.00074004638 | AV11: =+AH11/180 -> 1.6666667
A12: =+CONCATENATE(D12,C12) -> Pichidegua1 | B12: =+CONCATENATE(G12,C12) -> PICH4A1 | C12: 1 | D12: Pichidegua | E12: blanco | F12: Packing 4 | G12: PICH4A | H12: 5880 | J12: 32400 | L12: 93420 | N12: 36360 | P12: 9000 | R12: 0 | V12: 33480 | X12: 0 | Z12: 33480 | AB12: 4500 | AD12: 0 | AF12: 4500 | AH12: 1100 | AL12: 216140 | AN12: 0 | AP12: 216140 | AQ12: =+Z12/AP12 -> 0.1548996 | AR12: =+Z12/180 -> 186 | AS12: =+AF12/AP12 -> 0.020819839 | AT12: =+AF12/180 -> 25 | AU12: =+AH12/AP12 -> 0.005089294 | AV12: =+AH12/180 -> 6.1111111
A13: =+CONCATENATE(D13,C13) -> Pichidegua1 | B13: =+CONCATENATE(G13,C13) -> PICH5A1 | C13: 1 | D13: Pichidegua | E13: blanco | F13: Packing 5 | G13: PICH5A | H13: 9480 | J13: 7380 | L13: 7020 | N13: 132480 | P13: 145440 | R13: 8100 | V13: 7200 | X13: 0 | Z13: 7200 | AB13: 1800 | AD13: 0 | AF13: 1800 | AH13: 560 | AL13: 319460 | AN13: 0 | AP13: 319460 | AQ13: =+Z13/AP13 -> 0.022538033 | AR13: =+Z13/180 -> 40 | AS13: =+AF13/AP13 -> 0.0056345082 | AT13: =+AF13/180 -> 10 | AU13: =+AH13/AP13 -> 0.0017529581 | AV13: =+AH13/180 -> 3.1111111
A14: =+CONCATENATE(D14,C14) -> Pichidegua1 | B14: =+CONCATENATE(G14,C14) -> PICH1B1 | C14: 1 | D14: Pichidegua | F14: Packing 1 Blanco | G14: PICH1B | AQ14: 0 | AR14: =+Z14/180 -> 0 | AS14: 0 | AT14: =+AF14/180 -> 0 | AU14: 0 | AV14: =+AH14/180 -> 0
A15: =+CONCATENATE(D15,C15) -> Pichidegua1 | B15: =+CONCATENATE(G15,C15) -> PICH2B1 | C15: 1 | D15: Pichidegua | E15: blanco | F15: Packing 1 Blanco | G15: PICH2B | AQ15: 0 | AR15: =+Z15/180 -> 0 | AS15: 0 | AT15: =+AF15/180 -> 0 | AU15: 0 | AV15: =+AH15/180 -> 0
A16: =+CONCATENATE(D16,C16) -> Pichidegua1 | B16: =+CONCATENATE(G16,C16) -> PICH3B1 | C16: 1 | D16: Pichidegua | E16: blanco | F16: Packing 3 | G16: PICH3B | AQ16: 0 | AR16: =+Z16/180 -> 0 | AS16: 0 | AT16: =+AF16/180 -> 0 | AU16: 0 | AV16: =+AH16/180 -> 0
A17: =+CONCATENATE(D17,C17) -> Pichidegua1 | B17: =+CONCATENATE(G17,C17) -> PICH4B1 | C17: 1 | D17: Pichidegua | E17: blanco | F17: Packing 4 | G17: PICH4B | AQ17: 0 | AR17: =+Z17/180 -> 0 | AS17: 0 | AT17: =+AF17/180 -> 0 | AU17: 0 | AV17: =+AH17/180 -> 0
A18: =+CONCATENATE(D18,C18) -> Pichidegua1 | B18: =+CONCATENATE(G18,C18) -> PICH5B1 | C18: 1 | D18: Pichidegua | E18: blanco | F18: Packing 5 | G18: PICH5B | H18: 8520 | J18: 59040 | L18: 100980 | N18: 33660 | P18: 3780 | R18: 0 | V18: 27360 | X18: 0 | Z18: 27360 | AB18: 3780 | AD18: 0 | AF18: 3780 | AH18: 740 | AL18: 237860 | AN18: 0 | AP18: 237860 | AQ18: =+Z18/AP18 -> 0.11502565 | AR18: =+Z18/180 -> 152 | AS18: =+AF18/AP18 -> 0.015891701 | AT18: =+AF18/180 -> 21 | AU18: =+AH18/AP18 -> 0.0031110737 | AV18: =+AH18/180 -> 4.1111111
A19: =+CONCATENATE(D19,C19) -> Pichidegua1 | B19: =+CONCATENATE(G19,C19) -> PICH3C1 | C19: 1 | D19: Pichidegua | E19: blanco | F19: Packing 3 | G19: PICH3C | H19: 10680 | J19: 45180 | L19: 133580 | N19: 48780 | P19: 3240 | R19: 0 | V19: 23400 | X19: 0 | Z19: 23400 | AB19: 3780 | AD19: 0 | AF19: 3780 | AH19: 360 | AL19: 269000 | AN19: 0 | AP19: 269000 | AQ19: =+Z19/AP19 -> 0.086988848 | AR19: =+Z19/180 -> 130 | AS19: =+AF19/AP19 -> 0.014052045 | AT19: =+AF19/180 -> 21 | AU19: =+AH19/AP19 -> 0.00133829 | AV19: =+AH19/180 -> 2
A20: =+CONCATENATE(D20,C20) -> Pichidegua1 | B20: =+CONCATENATE(G20,C20) -> PICH5C1 | C20: 1 | D20: Pichidegua | E20: blanco | F20: Packing 5 | G20: PICH5C | AQ20: 0 | AR20: =+Z20/180 -> 0 | AS20: 0 | AT20: =+AF20/180 -> 0 | AU20: 0 | AV20: =+AH20/180 -> 0
A21: =+CONCATENATE(D21,C21) -> Pichidegua1 | B21: =+CONCATENATE(G21,C21) -> PICH5D1 | C21: 1 | D21: Pichidegua | E21: blanco | F21: Packing 5 | G21: PICH5D | H21: 5760 | J21: 4500 | L21: 97200 | N21: 180000 | P21: 21600 | R21: 0 | V21: 18540 | X21: 0 | Z21: 18540 | AB21: 2700 | AD21: 0 | AF21: 2700 | AH21: 620 | AL21: 330920 | AN21: 0 | AP21: 330920 | AQ21: =+Z21/AP21 -> 0.056025626 | AR21: =+Z21/180 -> 103 | AS21: =+AF21/AP21 -> 0.0081590717 | AT21: =+AF21/180 -> 15 | AU21: =+AH21/AP21 -> 0.0018735646 | AV21: =+AH21/180 -> 3.4444444
A22: =+CONCATENATE(D22,C22) -> Pichidegua1 | B22: =+CONCATENATE(G22,C22) -> PICH1Aco1 | C22: 1 | D22: Pichidegua | E22: color | F22: Packing 1 Color | G22: PICH1Aco | H22: 2160 | J22: 900 | L22: 6900 | N22: 52380 | P22: 5940 | R22: 0 | V22: 2760 | X22: 4680 | Z22: 7440 | AB22: 819 | AD22: 840 | AF22: 1659 | AH22: 561 | AL22: 72420 | AN22: 5520 | AP22: 77940 | AQ22: =+Z22/AP22 -> 0.095458045 | AR22: =+Z22/180 -> 41.333333 | AS22: =+AF22/AP22 -> 0.021285604 | AT22: =+AF22/180 -> 9.2166667 | AU22: =+AH22/AP22 -> 0.0071978445 | AV22: =+AH22/180 -> 3.1166667
A23: =+CONCATENATE(D23,C23) -> Pichidegua1 | B23: =+CONCATENATE(G23,C23) -> PICH1Aco21 | C23: 1 | D23: Pichidegua | E23: color | F23: Packing 1 Color | G23: PICH1Aco2 | H23: 3720 | J23: 14400 | L23: 12420 | N23: 25020 | P23: 360 | R23: 0 | V23: 1350 | X23: 2580 | Z23: 3930 | AB23: 720 | AD23: 1440 | AF23: 2160 | AH23: 1050 | AL23: 59040 | AN23: 4020 | AP23: 63060 | AQ23: =+Z23/AP23 -> 0.062321598 | AR23: =+Z23/180 -> 21.833333 | AS23: =+AF23/AP23 -> 0.034253092 | AT23: =+AF23/180 -> 12 | AU23: =+AH23/AP23 -> 0.016650809 | AV23: =+AH23/180 -> 5.8333333
A24: =+CONCATENATE(D24,C24) -> Pichidegua1 | B24: =+CONCATENATE(G24,C24) -> PICH1Bco1 | C24: 1 | D24: Pichidegua | E24: color | F24: Packing 1 Color | G24: PICH1Bco | H24: 600 | J24: 180 | L24: 3200 | N24: 12780 | P24: 10800 | R24: 0 | V24: 498 | X24: 330 | Z24: 828 | AB24: 255 | AD24: 60 | AF24: 315 | AH24: 127 | AL24: 28440 | AN24: 390 | AP24: 28830 | AQ24: =+Z24/AP24 -> 0.028720083 | AR24: =+Z24/180 -> 4.6 | AS24: =+AF24/AP24 -> 0.010926119 | AT24: =+AF24/180 -> 1.75 | AU24: =+AH24/AP24 -> 0.0044051335 | AV24: =+AH24/180 -> 0.70555556
A25: =+CONCATENATE(D25,C25) -> Pichidegua1 | B25: =+CONCATENATE(G25,C25) -> PICH2BCO1 | C25: 1 | D25: Pichidegua | E25: color | F25: Packing 1 Color | G25: PICH2BCO | H25: 10440 | J25: 16560 | L25: 23220 | N25: 12420 | P25: 540 | R25: 0 | V25: 1548 | X25: 1260 | Z25: 2808 | AB25: 1650 | AD25: 750 | AF25: 2400 | AH25: 2372 | AL25: 68750 | AN25: 2010 | AP25: 70760 | AQ25: =+Z25/AP25 -> 0.039683437 | AR25: =+Z25/180 -> 15.6 | AS25: =+AF25/AP25 -> 0.033917467 | AT25: =+AF25/180 -> 13.333333 | AU25: =+AH25/AP25 -> 0.033521764 | AV25: =+AH25/180 -> 13.177778
A26: =+CONCATENATE(D26,C26) -> Pichidegua1 | B26: =+CONCATENATE(G26,C26) -> PICH4Bco1 | C26: 1 | D26: Pichidegua | E26: color | F26: Packing 4 | G26: PICH4Bco | AQ26: 0 | AR26: =+Z26/180 -> 0 | AS26: 0 | AT26: =+AF26/180 -> 0 | AU26: 0 | AV26: =+AH26/180 -> 0
A27: =+CONCATENATE(D27,C27) -> Pichidegua1 | B27: =+CONCATENATE(G27,C27) -> PICH5Aco1 | C27: 1 | D27: Pichidegua | E27: color | F27: Packing 5 | G27: PICH5Aco | H27: 7200 | J27: 12960 | L27: 23760 | N27: 58680 | P27: 28260 | R27: 1260 | V27: 4950 | X27: 0 | Z27: 4950 | AB27: 2160 | AD27: 0 | AF27: 2160 | AH27: 500 | AL27: 139730 | AN27: 0 | AP27: 139730 | AQ27: =+Z27/AP27 -> 0.035425463 | AR27: =+Z27/180 -> 27.5 | AS27: =+AF27/AP27 -> 0.015458384 | AT27: =+AF27/180 -> 12 | AU27: =+AH27/AP27 -> 0.0035783296 | AV27: =+AH27/180 -> 2.7777778
A28: =+CONCATENATE(D28,C28) -> Pichidegua1 | B28: =+CONCATENATE(G28,C28) -> PICH5Bco1 | C28: 1 | D28: Pichidegua | E28: color | F28: Packing 5 | G28: PICH5Bco | H28: 3960 | J28: 13860 | L28: 15480 | N28: 56160 | P28: 0 | R28: 0 | V28: 5490 | X28: 0 | Z28: 5490 | AB28: 1800 | AD28: 0 | AF28: 1800 | AH28: 640 | AL28: 97390 | AN28: 0 | AP28: 97390 | AQ28: =+Z28/AP28 -> 0.056371291 | AR28: =+Z28/180 -> 30.5 | AS28: =+AF28/AP28 -> 0.01848239 | AT28: =+AF28/180 -> 10 | AU28: =+AH28/AP28 -> 0.0065715166 | AV28: =+AH28/180 -> 3.5555556
A29: =+CONCATENATE(D29,C29) -> Pichidegua1 | B29: =+CONCATENATE(G29,C29) -> PICH5Cco1 | C29: 1 | D29: Pichidegua | E29: color | F29: Packing 5 | G29: PICH5Cco | H29: 0 | J29: 0 | L29: 0 | N29: 0 | P29: 0 | R29: 0 | V29: 0 | X29: 0 | Z29: 0 | AB29: 0 | AD29: 0 | AF29: 0 | AH29: 0 | AL29: 0 | AN29: 0 | AP29: 0 | AQ29: 0 | AR29: =+Z29/180 -> 0 | AS29: 0 | AT29: =+AF29/180 -> 0 | AU29: 0 | AV29: =+AH29/180 -> 0
A30: =+CONCATENATE(D30,C30) -> 1 | B30: =+CONCATENATE(G30,C30) -> Lavado1 | C30: 1 | G30: Lavado | H30: 5040 | J30: 14760 | L30: 41040 | N30: 34200 | P30: 13680 | R30: 1800 | AL30: 110520 | AP30: 110520 | AQ30: =+Z30/AP30 -> 0 | AR30: =+Z30/180 -> 0 | AS30: =+AF30/AP30 -> 0 | AT30: =+AF30/180 -> 0 | AU30: =+AH30/AP30 -> 0 | AV30: =+AH30/180 -> 0
A31: =+CONCATENATE(D31,C31) -> Calera2 | B31: =+CONCATENATE(G31,C31) -> CA3A2 | C31: 2 | D31: Calera | E31: color | F31: Packing 1 Color | G31: CA3A | H31: 3000 | J31: 12060 | L31: 15480 | N31: 16920 | P31: 360 | R31: 0 | V31: 1320 | X31: 630 | Z31: 1950 | AB31: 540 | AD31: 840 | AF31: 1380 | AH31: 80 | AL31: 49760 | AN31: 1470 | AP31: 51230 | AQ31: =+Z31/AP31 -> 0.038063635 | AR31: =+Z31/180 -> 10.833333 | AS31: =+AF31/AP31 -> 0.026937341 | AT31: =+AF31/180 -> 7.6666667 | AU31: =+AH31/AP31 -> 0.001561585 | AV31: =+AH31/180 -> 0.44444444
A32: =+CONCATENATE(D32,C32) -> Calera2 | B32: =+CONCATENATE(G32,C32) -> CA3B2 | C32: 2 | D32: Calera | E32: color | F32: Packing 1 Color | G32: CA3B | H32: 600 | J32: 6480 | L32: 0 | N32: 39060 | P32: 2160 | R32: 0 | V32: 2676 | X32: 810 | Z32: 3486 | AB32: 702 | AD32: 840 | AF32: 1542 | AH32: 762 | AL32: 52440 | AN32: 1650 | AP32: 54090 | AQ32: =+Z32/AP32 -> 0.064448142 | AR32: =+Z32/180 -> 19.366667 | AS32: =+AF32/AP32 -> 0.028508042 | AT32: =+AF32/180 -> 8.5666667 | AU32: =+AH32/AP32 -> 0.014087632 | AV32: =+AH32/180 -> 4.2333333
A33: =+CONCATENATE(D33,C33) -> Calera2 | B33: =+CONCATENATE(G33,C33) -> CA3BB2 | C33: 2 | D33: Calera | E33: blanco | F33: Packing 1 Color | G33: CA3BB | H33: 480 | J33: 1260 | L33: 1080 | N33: 900 | P33: 0 | R33: 0 | V33: 183 | X33: 120 | Z33: 303 | AB33: 78 | AD33: 60 | AF33: 138 | AH33: 39 | AL33: 4020 | AN33: 180 | AP33: 4200 | AQ33: =+Z33/AP33 -> 0.072142857 | AR33: =+Z33/180 -> 1.6833333 | AS33: =+AF33/AP33 -> 0.032857143 | AT33: =+AF33/180 -> 0.76666667 | AU33: =+AH33/AP33 -> 0.0092857143 | AV33: =+AH33/180 -> 0.21666667
A34: =+CONCATENATE(D34,C34) -> Calera2 | B34: =+CONCATENATE(G34,C34) -> CAP1A2 | C34: 2 | D34: Calera | E34: color | F34: Packing 1 Color | G34: CAP1A | H34: 840 | J34: 0 | L34: 4000 | N34: 10980 | P34: 5400 | R34: 0 | V34: 1170 | X34: 930 | Z34: 2100 | AB34: 228 | AD34: 0 | AF34: 228 | AH34: 602 | AL34: 23220 | AN34: 930 | AP34: 24150 | AQ34: =+Z34/AP34 -> 0.086956522 | AR34: =+Z34/180 -> 11.666667 | AS34: =+AF34/AP34 -> 0.0094409938 | AT34: =+AF34/180 -> 1.2666667 | AU34: =+AH34/AP34 -> 0.024927536 | AV34: =+AH34/180 -> 3.3444444
A35: =+CONCATENATE(D35,C35) -> Calera2 | B35: =+CONCATENATE(G35,C35) -> CAP1B2 | C35: 2 | D35: Calera | E35: color | F35: Packing 1 Color | G35: CAP1B | H35: 1200 | J35: 900 | L35: 12640 | N35: 19080 | P35: 1260 | R35: 0 | V35: 954 | X35: 270 | Z35: 1224 | AB35: 300 | AD35: 0 | AF35: 300 | AH35: 146 | AL35: 36480 | AN35: 270 | AP35: 36750 | AQ35: =+Z35/AP35 -> 0.033306122 | AR35: =+Z35/180 -> 6.8 | AS35: =+AF35/AP35 -> 0.0081632653 | AT35: =+AF35/180 -> 1.6666667 | AU35: =+AH35/AP35 -> 0.0039727891 | AV35: =+AH35/180 -> 0.81111111
A36: =+CONCATENATE(D36,C36) -> Calera2 | B36: =+CONCATENATE(G36,C36) -> CAP1c2 | C36: 2 | D36: Calera | E36: color | F36: Packing 1 Color | G36: CAP1c | H36: 1680 | J36: 360 | L36: 8240 | N36: 8820 | P36: 5040 | R36: 180 | V36: 1419 | X36: 510 | Z36: 1929 | AB36: 309 | AD36: 0 | AF36: 309 | AH36: 0 | AL36: 26048 | AN36: 510 | AP36: 26558 | AQ36: =+Z36/AP36 -> 0.072633481 | AR36: =+Z36/180 -> 10.716667 | AS36: =+AF36/AP36 -> 0.011634912 | AT36: =+AF36/180 -> 1.7166667 | AU36: =+AH36/AP36 -> 0 | AV36: =+AH36/180 -> 0
A37: =+CONCATENATE(D37,C37) -> Pichidegua2 | B37: =+CONCATENATE(G37,C37) -> PICH1A2 | C37: 2 | D37: Pichidegua | F37: Packing 1 Blanco | G37: PICH1A | AQ37: 0 | AR37: =+Z37/180 -> 0 | AS37: 0 | AT37: =+AF37/180 -> 0 | AU37: 0 | AV37: =+AH37/180 -> 0
A38: =+CONCATENATE(D38,C38) -> Pichidegua2 | B38: =+CONCATENATE(G38,C38) -> PICH2A2 | C38: 2 | D38: Pichidegua | E38: color | F38: Packing 1 Blanco | G38: PICH2A | H38: 2760 | J38: 41520 | L38: 243920 | N38: 173700 | P38: 9540 | R38: 0 | T38: 0 | V38: 22584 | X38: 0 | Z38: 22584 | AB38: 6921 | AD38: 0 | AF38: 6921 | AH38: 1315 | AL38: 502260 | AN38: 0 | AP38: 502260 | AQ38: =+Z38/AP38 -> 0.044964759 | AR38: =+Z38/180 -> 125.46667 | AS38: =+AF38/AP38 -> 0.013779716 | AT38: =+AF38/180 -> 38.45 | AU38: =+AH38/AP38 -> 0.0026181659 | AV38: =+AH38/180 -> 7.3055556
A39: =+CONCATENATE(D39,C39) -> Pichidegua2 | B39: =+CONCATENATE(G39,C39) -> PICH3A2 | C39: 2 | D39: Pichidegua | E39: blanco | F39: Packing 3 | G39: PICH3A | H39: 2280 | J39: 20520 | L39: 159400 | N39: 115380 | P39: 6480 | R39: 0 | T39: 0 | V39: 20340 | X39: 0 | Z39: 20340 | AB39: 2160 | AD39: 0 | AF39: 2160 | AH39: 280 | AL39: 326840 | AN39: 0 | AP39: 326840 | AQ39: =+Z39/AP39 -> 0.062232285 | AR39: =+Z39/180 -> 113 | AS39: =+AF39/AP39 -> 0.0066087382 | AT39: =+AF39/180 -> 12 | AU39: =+AH39/AP39 -> 0.00085668829 | AV39: =+AH39/180 -> 1.5555556
A40: =+CONCATENATE(D40,C40) -> Pichidegua2 | B40: =+CONCATENATE(G40,C40) -> PICH4A2 | C40: 2 | D40: Pichidegua | E40: blanco | F40: Packing 4 | G40: PICH4A | H40: 3000 | J40: 15660 | L40: 33300 | N40: 13860 | P40: 3060 | R40: 0 | T40: 0 | V40: 23940 | X40: 0 | Z40: 23940 | AB40: 42120 | AD40: 0 | AF40: 42120 | AH40: 520 | AL40: 135460 | AN40: 0 | AP40: 135460 | AQ40: =+Z40/AP40 -> 0.17673114 | AR40: =+Z40/180 -> 133 | AS40: =+AF40/AP40 -> 0.3109405 | AT40: =+AF40/180 -> 234 | AU40: =+AH40/AP40 -> 0.0038387716 | AV40: =+AH40/180 -> 2.8888889
A41: =+CONCATENATE(D41,C41) -> Pichidegua2 | B41: =+CONCATENATE(G41,C41) -> PICH5A2 | C41: 2 | D41: Pichidegua | E41: blanco | F41: Packing 5 | G41: PICH5A | H41: 10440 | J41: 6120 | L41: 9000 | N41: 157860 | P41: 121680 | R41: 5040 | T41: 0 | V41: 8640 | X41: 0 | Z41: 8640 | AB41: 2520 | AD41: 0 | AF41: 2520 | AH41: 620 | AL41: 321920 | AN41: 0 | AP41: 321920 | AQ41: =+Z41/AP41 -> 0.026838966 | AR41: =+Z41/180 -> 48 | AS41: =+AF41/AP41 -> 0.0078280318 | AT41: =+AF41/180 -> 14 | AU41: =+AH41/AP41 -> 0.0019259443 | AV41: =+AH41/180 -> 3.4444444
A42: =+CONCATENATE(D42,C42) -> Pichidegua2 | B42: =+CONCATENATE(G42,C42) -> PICH1B2 | C42: 2 | D42: Pichidegua | F42: Packing 1 Blanco | G42: PICH1B | AQ42: 0 | AR42: =+Z42/180 -> 0 | AS42: 0 | AT42: =+AF42/180 -> 0 | AU42: 0 | AV42: =+AH42/180 -> 0
A43: =+CONCATENATE(D43,C43) -> Pichidegua2 | B43: =+CONCATENATE(G43,C43) -> PICH2B2 | C43: 2 | D43: Pichidegua | E43: blanco | F43: Packing 1 Blanco | G43: PICH2B | AQ43: 0 | AR43: =+Z43/180 -> 0 | AS43: 0 | AT43: =+AF43/180 -> 0 | AU43: 0 | AV43: =+AH43/180 -> 0
A44: =+CONCATENATE(D44,C44) -> Pichidegua2 | B44: =+CONCATENATE(G44,C44) -> PICH3B2 | C44: 2 | D44: Pichidegua | E44: blanco | F44: Packing 3 | G44: PICH3B | AQ44: 0 | AR44: =+Z44/180 -> 0 | AS44: 0 | AT44: =+AF44/180 -> 0 | AU44: 0 | AV44: =+AH44/180 -> 0
A45: =+CONCATENATE(D45,C45) -> Pichidegua2 | B45: =+CONCATENATE(G45,C45) -> PICH4B2 | C45: 2 | D45: Pichidegua | E45: blanco | F45: Packing 4 | G45: PICH4B | H45: 2040 | J45: 9800 | L45: 16500 | N45: 8640 | P45: 1800 | R45: 0 | V45: 10800 | X45: 0 | Z45: 10800 | AB45: 1080 | AD45: 0 | AF45: 1080 | AH45: 340 | AL45: 51000 | AN45: 0 | AP45: 51000 | AQ45: =+Z45/AP45 -> 0.21176471 | AR45: =+Z45/180 -> 60 | AS45: =+AF45/AP45 -> 0.021176471 | AT45: =+AF45/180 -> 6 | AU45: =+AH45/AP45 -> 0.0066666667 | AV45: =+AH45/180 -> 1.8888889
A46: =+CONCATENATE(D46,C46) -> Pichidegua2 | B46: =+CONCATENATE(G46,C46) -> PICH5B2 | C46: 2 | D46: Pichidegua | E46: blanco | F46: Packing 5 | G46: PICH5B | H46: 8160 | J46: 54360 | L46: 87480 | N46: 52740 | P46: 4140 | R46: 0 | T46: 0 | V46: 24300 | X46: 0 | Z46: 24300 | AB46: 4860 | AD46: 0 | AF46: 4860 | AH46: 700 | AL46: 236740 | AN46: 0 | AP46: 236740 | AQ46: =+Z46/AP46 -> 0.10264425 | AR46: =+Z46/180 -> 135 | AS46: =+AF46/AP46 -> 0.02052885 | AT46: =+AF46/180 -> 27 | AU46: =+AH46/AP46 -> 0.0029568303 | AV46: =+AH46/180 -> 3.8888889
A47: =+CONCATENATE(D47,C47) -> Pichidegua2 | B47: =+CONCATENATE(G47,C47) -> PICH3C2 | C47: 2 | D47: Pichidegua | E47: blanco | F47: Packing 3 | G47: PICH3C | H47: 8280 | J47: 18540 | L47: 114800 | N47: 41220 | P47: 2340 | R47: 0 | T47: 0 | V47: 27000 | X47: 0 | Z47: 27000 | AB47: 4140 | AD47: 0 | AF47: 4140 | AH47: 420 | AL47: 216740 | AN47: 0 | AP47: 216740 | AQ47: =+Z47/AP47 -> 0.12457322 | AR47: =+Z47/180 -> 150 | AS47: =+AF47/AP47 -> 0.019101227 | AT47: =+AF47/180 -> 23 | AU47: =+AH47/AP47 -> 0.0019378057 | AV47: =+AH47/180 -> 2.3333333
A48: =+CONCATENATE(D48,C48) -> Pichidegua2 | B48: =+CONCATENATE(G48,C48) -> PICH5C2 | C48: 2 | D48: Pichidegua | E48: blanco | F48: Packing 5 | G48: PICH5C | AQ48: 0 | AR48: =+Z48/180 -> 0 | AS48: 0 | AT48: =+AF48/180 -> 0 | AU48: 0 | AV48: =+AH48/180 -> 0
A49: =+CONCATENATE(D49,C49) -> Pichidegua2 | B49: =+CONCATENATE(G49,C49) -> PICH5D2 | C49: 2 | D49: Pichidegua | E49: blanco | F49: Packing 5 | G49: PICH5D | H49: 5400 | J49: 5940 | L49: 79920 | N49: 204660 | P49: 20880 | R49: 0 | T49: 0 | V49: 19980 | X49: 0 | Z49: 19980 | AB49: 3600 | AD49: 0 | AF49: 3600 | AH49: 580 | AL49: 340960 | AN49: 0 | AP49: 340960 | AQ49: =+Z49/AP49 -> 0.058599249 | AR49: =+Z49/180 -> 111 | AS49: =+AF49/AP49 -> 0.010558423 | AT49: =+AF49/180 -> 20 | AU49: =+AH49/AP49 -> 0.0017010793 | AV49: =+AH49/180 -> 3.2222222
A50: =+CONCATENATE(D50,C50) -> Pichidegua2 | B50: =+CONCATENATE(G50,C50) -> PICH1Aco2 | C50: 2 | D50: Pichidegua | E50: color | F50: Packing 1 Color | G50: PICH1Aco | H50: 0 | J50: 5220 | L50: 0 | N50: 28620 | P50: 0 | R50: 0 | T50: 0 | V50: 1620 | X50: 1710 | Z50: 3330 | AB50: 390 | AD50: 750 | AF50: 1140 | AH50: 370 | AL50: 36220 | AN50: 2460 | AP50: 38680 | AQ50: =+Z50/AP50 -> 0.086091003 | AR50: =+Z50/180 -> 18.5 | AS50: =+AF50/AP50 -> 0.029472596 | AT50: =+AF50/180 -> 6.3333333 | AU50: =+AH50/AP50 -> 0.009565667 | AV50: =+AH50/180 -> 2.0555556
A51: =+CONCATENATE(D51,C51) -> Pichidegua2 | B51: =+CONCATENATE(G51,C51) -> PICH1Aco22 | C51: 2 | D51: Pichidegua | E51: color | F51: Packing 1 Color | G51: PICH1Aco2 | H51: 5280 | J51: 21060 | L51: 24300 | N51: 32580 | P51: 540 | R51: 0 | T51: 0 | V51: 2982 | X51: 3660 | Z51: 6642 | AB51: 1071 | AD51: 840 | AF51: 1911 | AH51: 1427 | AL51: 89240 | AN51: 4500 | AP51: 93740 | AQ51: =+Z51/AP51 -> 0.070855558 | AR51: =+Z51/180 -> 36.9 | AS51: =+AF51/AP51 -> 0.020386175 | AT51: =+AF51/180 -> 10.616667 | AU51: =+AH51/AP51 -> 0.015222957 | AV51: =+AH51/180 -> 7.9277778
A52: =+CONCATENATE(D52,C52) -> Pichidegua2 | B52: =+CONCATENATE(G52,C52) -> PICH1Bco2 | C52: 2 | D52: Pichidegua | E52: color | F52: Packing 1 Color | G52: PICH1Bco | H52: 3000 | J52: 540 | L52: 10380 | N52: 31680 | P52: 18360 | R52: 720 | T52: 360 | V52: 1377 | X52: 810 | Z52: 2187 | AB52: 486 | AD52: 90 | AF52: 576 | AH52: 237 | AL52: 67140 | AN52: 900 | AP52: 68040 | AQ52: =+Z52/AP52 -> 0.032142857 | AR52: =+Z52/180 -> 12.15 | AS52: =+AF52/AP52 -> 0.0084656085 | AT52: =+AF52/180 -> 3.2 | AU52: =+AH52/AP52 -> 0.0034832451 | AV52: =+AH52/180 -> 1.3166667
A53: =+CONCATENATE(D53,C53) -> Pichidegua2 | B53: =+CONCATENATE(G53,C53) -> PICH2BCO2 | C53: 2 | D53: Pichidegua | E53: color | F53: Packing 1 Color | G53: PICH2BCO | H53: 12240 | J53: 28260 | L53: 47160 | N53: 19080 | P53: 1980 | R53: 0 | T53: 0 | V53: 1611 | X53: 690 | Z53: 2301 | AB53: 1311 | AD53: 600 | AF53: 1911 | AH53: 2378 | AL53: 114020 | AN53: 1290 | AP53: 115310 | AQ53: =+Z53/AP53 -> 0.019954904 | AR53: =+Z53/180 -> 12.783333 | AS53: =+AF53/AP53 -> 0.016572717 | AT53: =+AF53/180 -> 10.616667 | AU53: =+AH53/AP53 -> 0.020622669 | AV53: =+AH53/180 -> 13.211111
A54: =+CONCATENATE(D54,C54) -> Pichidegua2 | B54: =+CONCATENATE(G54,C54) -> PICH4Bco2 | C54: 2 | D54: Pichidegua | E54: color | F54: Packing 4 | G54: PICH4Bco | H54: 1440 | J54: 4500 | L54: 8820 | N54: 4320 | P54: 0 | R54: 0 | V54: 3060 | X54: 0 | Z54: 3060 | AB54: 1800 | AD54: 0 | AF54: 1800 | AH54: 40 | AL54: 23980 | AN54: 0 | AP54: 23980 | AQ54: =+Z54/AP54 -> 0.12760634 | AR54: =+Z54/180 -> 17 | AS54: =+AF54/AP54 -> 0.075062552 | AT54: =+AF54/180 -> 10 | AU54: =+AH54/AP54 -> 0.0016680567 | AV54: =+AH54/180 -> 0.22222222
A55: =+CONCATENATE(D55,C55) -> Pichidegua2 | B55: =+CONCATENATE(G55,C55) -> PICH5Aco2 | C55: 2 | D55: Pichidegua | E55: color | F55: Packing 5 | G55: PICH5Aco | H55: 4560 | J55: 10260 | L55: 19620 | N55: 76140 | P55: 18360 | R55: 540 | T55: 0 | V55: 5400 | X55: 0 | Z55: 5400 | AB55: 1980 | AD55: 0 | AF55: 1980 | AH55: 280 | AL55: 137140 | AN55: 0 | AP55: 137140 | AQ55: =+Z55/AP55 -> 0.03937582 | AR55: =+Z55/180 -> 30 | AS55: =+AF55/AP55 -> 0.014437801 | AT55: =+AF55/180 -> 11 | AU55: =+AH55/AP55 -> 0.0020417092 | AV55: =+AH55/180 -> 1.5555556
A56: =+CONCATENATE(D56,C56) -> Pichidegua2 | B56: =+CONCATENATE(G56,C56) -> PICH5Bco2 | C56: 2 | D56: Pichidegua | E56: color | F56: Packing 5 | G56: PICH5Bco | H56: 3840 | J56: 9540 | L56: 16380 | N56: 56700 | P56: 4860 | R56: 0 | T56: 0 | V56: 5040 | X56: 0 | Z56: 5040 | AB56: 1800 | AD56: 0 | AF56: 1800 | AH56: 320 | AL56: 98480 | AN56: 0 | AP56: 98480 | AQ56: =+Z56/AP56 -> 0.051177904 | AR56: =+Z56/180 -> 28 | AS56: =+AF56/AP56 -> 0.018277823 | AT56: =+AF56/180 -> 10 | AU56: =+AH56/AP56 -> 0.0032493907 | AV56: =+AH56/180 -> 1.7777778
A57: =+CONCATENATE(D57,C57) -> Pichidegua2 | B57: =+CONCATENATE(G57,C57) -> PICH5Cco2 | C57: 2 | D57: Pichidegua | E57: color | F57: Packing 5 | G57: PICH5Cco | H57: 0 | J57: 0 | L57: 0 | N57: 0 | P57: 0 | R57: 0 | T57: 0 | V57: 0 | X57: 0 | Z57: 0 | AB57: 0 | AD57: 0 | AF57: 0 | AH57: 0 | AL57: 0 | AN57: 0 | AP57: 0 | AQ57: 0 | AR57: =+Z57/180 -> 0 | AS57: 0 | AT57: =+AF57/180 -> 0 | AU57: 0 | AV57: =+AH57/180 -> 0
A58: =+CONCATENATE(D58,C58) -> 2 | B58: =+CONCATENATE(G58,C58) -> Lavado2 | C58: 2 | G58: Lavado | H58: 6600 | J58: 27360 | L58: 93600 | N58: 82620 | P58: 15660 | R58: 1620 | AL58: 227460 | AP58: 227460 | AQ58: =+Z58/AP58 -> 0 | AR58: =+Z58/180 -> 0 | AS58: =+AF58/AP58 -> 0 | AT58: =+AF58/180 -> 0 | AU58: =+AH58/AP58 -> 0 | AV58: =+AH58/180 -> 0
A59: =+CONCATENATE(D59,C59) -> Calera3 | B59: =+CONCATENATE(G59,C59) -> CA3A3 | C59: 3 | D59: Calera | E59: color | F59: Packing 1 Color | G59: CA3A | H59: 3000 | J59: 14220 | L59: 0 | N59: 45180 | P59: 360 | R59: 0 | V59: 1527 | X59: 450 | Z59: 1977 | AB59: 891 | AD59: 840 | AF59: 1431 | AH59: 80 | AL59: 65214 | AN59: 990 | AP59: 66204 | AQ59: =+Z59/AP59 -> 0.029862244 | AR59: =+Z59/180 -> 10.983333 | AS59: =+AF59/AP59 -> 0.021615008 | AT59: =+AF59/180 -> 7.95 | AU59: =+AH59/AP59 -> 0.0012083862 | AV59: =+AH59/180 -> 0.44444444
A60: =+CONCATENATE(D60,C60) -> Calera3 | B60: =+CONCATENATE(G60,C60) -> CA3B3 | C60: 3 | D60: Calera | E60: color | F60: Packing 1 Color | G60: CA3B | H60: 840 | J60: 8640 | L60: 0 | N60: 38700 | P60: 16380 | R60: 0 | V60: 2217 | X60: 450 | Z60: 2667 | AB60: 1221 | AD60: 840 | AF60: 1791 | AH60: 762 | AL60: 68700 | AN60: 1020 | AP60: 69720 | AQ60: =+Z60/AP60 -> 0.038253012 | AR60: =+Z60/180 -> 14.816667 | AS60: =+AF60/AP60 -> 0.025688468 | AT60: =+AF60/180 -> 9.95 | AU60: =+AH60/AP60 -> 0.010929432 | AV60: =+AH60/180 -> 4.2333333
A61: =+CONCATENATE(D61,C61) -> Calera3 | B61: =+CONCATENATE(G61,C61) -> CA3BB3 | C61: 3 | D61: Calera | E61: blanco | F61: Packing 1 Color | G61: CA3BB | H61: 480 | J61: 1260 | L61: 2700 | N61: 720 | P61: 0 | R61: 0 | V61: 186 | X61: 90 | Z61: 276 | AB61: 129 | AD61: 60 | AF61: 189 | AH61: 39 | AL61: 5550 | AN61: 150 | AP61: 5700 | AQ61: =+Z61/AP61 -> 0.048421053 | AR61: =+Z61/180 -> 1.5333333 | AS61: =+AF61/AP61 -> 0.033157895 | AT61: =+AF61/180 -> 1.05 | AU61: =+AH61/AP61 -> 0.0068421053 | AV61: =+AH61/180 -> 0.21666667
A62: =+CONCATENATE(D62,C62) -> Calera3 | B62: =+CONCATENATE(G62,C62) -> CAP1A3 | C62: 3 | D62: Calera | E62: color | F62: Packing 1 Color | G62: CAP1A | H62: 1080 | J62: 0 | L62: 5400 | N62: 16920 | P62: 5220 | R62: 0 | V62: 1419 | X62: 570 | Z62: 1989 | AB62: 210 | AD62: 0 | AF62: 210 | AH62: 602 | AL62: 30480 | AN62: 570 | AP62: 31050 | AQ62: =+Z62/AP62 -> 0.064057971 | AR62: =+Z62/180 -> 11.05 | AS62: =+AF62/AP62 -> 0.006763285 | AT62: =+AF62/180 -> 1.1666667 | AU62: =+AH62/AP62 -> 0.019388084 | AV62: =+AH62/180 -> 3.3444444
A63: =+CONCATENATE(D63,C63) -> Calera3 | B63: =+CONCATENATE(G63,C63) -> CAP1B3 | C63: 3 | D63: Calera | E63: color | F63: Packing 1 Color | G63: CAP1B | H63: 1080 | J63: 2520 | L63: 540 | N63: 20160 | P63: 540 | R63: 0 | V63: 1206 | X63: 180 | Z63: 1386 | AB63: 183 | AD63: 0 | AF63: 183 | AH63: 146 | AL63: 26730 | AN63: 180 | AP63: 26910 | AQ63: =+Z63/AP63 -> 0.051505017 | AR63: =+Z63/180 -> 7.7 | AS63: =+AF63/AP63 -> 0.0068004459 | AT63: =+AF63/180 -> 1.0166667 | AU63: =+AH63/AP63 -> 0.0054254924 | AV63: =+AH63/180 -> 0.81111111
A64: =+CONCATENATE(D64,C64) -> Calera3 | B64: =+CONCATENATE(G64,C64) -> CAP1c3 | C64: 3 | D64: Calera | E64: color | F64: Packing 1 Color | G64: CAP1c | H64: 720 | J64: 0 | L64: 4360 | N64: 15300 | P64: 5400 | R64: 180 | V64: 1503 | X64: 330 | Z64: 1833 | AB64: 105 | AD64: 0 | AF64: 105 | AH64: 0 | AL64: 28042 | AN64: 330 | AP64: 28372 | AQ64: =+Z64/AP64 -> 0.06460595 | AR64: =+Z64/180 -> 10.183333 | AS64: =+AF64/AP64 -> 0.0037008318 | AT64: =+AF64/180 -> 0.58333333 | AU64: =+AH64/AP64 -> 0 | AV64: =+AH64/180 -> 0
A65: =+CONCATENATE(D65,C65) -> Pichidegua3 | B65: =+CONCATENATE(G65,C65) -> PICH1A3 | C65: 3 | D65: Pichidegua | F65: Packing 1 Blanco | G65: PICH1A | AQ65: 0 | AR65: =+Z65/180 -> 0 | AS65: 0 | AT65: =+AF65/180 -> 0 | AU65: 0 | AV65: =+AH65/180 -> 0
A66: =+CONCATENATE(D66,C66) -> Pichidegua3 | B66: =+CONCATENATE(G66,C66) -> PICH2A3 | C66: 3 | D66: Pichidegua | E66: color | F66: Packing 1 Blanco | G66: PICH2A | H66: 2640 | J66: 47520 | L66: 200520 | N66: 114120 | P66: 8640 | R66: 0 | V66: 25380 | X66: 0 | Z66: 25380 | AB66: 5760 | AD66: 0 | AF66: 5760 | AH66: 860 | AL66: 405440 | AN66: 0 | AP66: 405440 | AQ66: =+Z66/AP66 -> 0.062598658 | AR66: =+Z66/180 -> 141 | AS66: =+AF66/AP66 -> 0.014206788 | AT66: =+AF66/180 -> 32 | AU66: =+AH66/AP66 -> 0.0021211523 | AV66: =+AH66/180 -> 4.7777778
A67: =+CONCATENATE(D67,C67) -> Pichidegua3 | B67: =+CONCATENATE(G67,C67) -> PICH3A3 | C67: 3 | D67: Pichidegua | E67: blanco | F67: Packing 3 | G67: PICH3A | H67: 2040 | J67: 16740 | L67: 145980 | N67: 128520 | P67: 7740 | R67: 0 | V67: 20340 | X67: 0 | Z67: 20340 | AB67: 1980 | AD67: 0 | AF67: 1980 | AH67: 300 | AL67: 323640 | AN67: 0 | AP67: 323640 | AQ67: =+Z67/AP67 -> 0.062847608 | AR67: =+Z67/180 -> 113 | AS67: =+AF67/AP67 -> 0.0061179088 | AT67: =+AF67/180 -> 11 | AU67: =+AH67/AP67 -> 0.00092695588 | AV67: =+AH67/180 -> 1.6666667
A68: =+CONCATENATE(D68,C68) -> Pichidegua3 | B68: =+CONCATENATE(G68,C68) -> PICH4A3 | C68: 3 | D68: Pichidegua | E68: blanco | F68: Packing 4 | G68: PICH4A | H68: 0 | J68: 0 | L68: 0 | N68: 0 | P68: 0 | R68: 0 | V68: 0 | X68: 0 | Z68: 0 | AB68: 1980 | AD68: 0 | AF68: 1980 | AH68: 0 | AL68: 1980 | AN68: 0 | AP68: 1980 | AQ68: =+Z68/AP68 -> 0 | AR68: =+Z68/180 -> 0 | AS68: =+AF68/AP68 -> 1 | AT68: =+AF68/180 -> 11 | AU68: =+AH68/AP68 -> 0 | AV68: =+AH68/180 -> 0
A69: =+CONCATENATE(D69,C69) -> Pichidegua3 | B69: =+CONCATENATE(G69,C69) -> PICH5A3 | C69: 3 | D69: Pichidegua | E69: blanco | F69: Packing 5 | G69: PICH5A | H69: 10560 | J69: 3600 | L69: 18540 | N69: 188280 | P69: 89820 | R69: 2340 | V69: 8280 | X69: 0 | Z69: 8280 | AB69: 1260 | AD69: 0 | AF69: 1260 | AH69: 620 | AL69: 323300 | AN69: 0 | AP69: 323300 | AQ69: =+Z69/AP69 -> 0.025610888 | AR69: =+Z69/180 -> 46 | AS69: =+AF69/AP69 -> 0.003897309 | AT69: =+AF69/180 -> 7 | AU69: =+AH69/AP69 -> 0.0019177235 | AV69: =+AH69/180 -> 3.4444444
A70: =+CONCATENATE(D70,C70) -> Pichidegua3 | B70: =+CONCATENATE(G70,C70) -> PICH1B3 | C70: 3 | D70: Pichidegua | F70: Packing 1 Blanco | G70: PICH1B | AQ70: 0 | AR70: =+Z70/180 -> 0 | AS70: 0 | AT70: =+AF70/180 -> 0 | AU70: 0 | AV70: =+AH70/180 -> 0
A71: =+CONCATENATE(D71,C71) -> Pichidegua3 | B71: =+CONCATENATE(G71,C71) -> PICH2B3 | C71: 3 | D71: Pichidegua | E71: blanco | F71: Packing 1 Blanco | G71: PICH2B | AQ71: 0 | AR71: =+Z71/180 -> 0 | AS71: 0 | AT71: =+AF71/180 -> 0 | AU71: 0 | AV71: =+AH71/180 -> 0
A72: =+CONCATENATE(D72,C72) -> Pichidegua3 | B72: =+CONCATENATE(G72,C72) -> PICH3B3 | C72: 3 | D72: Pichidegua | E72: blanco | F72: Packing 3 | G72: PICH3B | AQ72: 0 | AR72: =+Z72/180 -> 0 | AS72: 0 | AT72: =+AF72/180 -> 0 | AU72: 0 | AV72: =+AH72/180 -> 0
A73: =+CONCATENATE(D73,C73) -> Pichidegua3 | B73: =+CONCATENATE(G73,C73) -> PICH4B3 | C73: 3 | D73: Pichidegua | E73: blanco | F73: Packing 4 | G73: PICH4B | H73: 8040 | J73: 27480 | L73: 48280 | N73: 22140 | P73: 6480 | R73: 0 | V73: 21780 | X73: 0 | Z73: 21780 | AB73: 3420 | AD73: 0 | AF73: 3420 | AH73: 625 | AL73: 138245 | AN73: 0 | AP73: 138245 | AQ73: =+Z73/AP73 -> 0.15754639 | AR73: =+Z73/180 -> 121 | AS73: =+AF73/AP73 -> 0.024738689 | AT73: =+AF73/180 -> 19 | AU73: =+AH73/AP73 -> 0.0045209592 | AV73: =+AH73/180 -> 3.4722222
A74: =+CONCATENATE(D74,C74) -> Pichidegua3 | B74: =+CONCATENATE(G74,C74) -> PICH5B3 | C74: 3 | D74: Pichidegua | E74: blanco | F74: Packing 5 | G74: PICH5B | H74: 7320 | J74: 47340 | L74: 96660 | N74: 36360 | P74: 5040 | R74: 0 | V74: 27180 | X74: 0 | Z74: 27180 | AB74: 5400 | AD74: 0 | AF74: 5400 | AH74: 740 | AL74: 226040 | AN74: 0 | AP74: 226040 | AQ74: =+Z74/AP74 -> 0.1202442 | AR74: =+Z74/180 -> 151 | AS74: =+AF74/AP74 -> 0.023889577 | AT74: =+AF74/180 -> 30 | AU74: =+AH74/AP74 -> 0.0032737569 | AV74: =+AH74/180 -> 4.1111111
A75: =+CONCATENATE(D75,C75) -> Pichidegua3 | B75: =+CONCATENATE(G75,C75) -> PICH3C3 | C75: 3 | D75: Pichidegua | E75: blanco | F75: Packing 3 | G75: PICH3C | H75: 8880 | J75: 24660 | L75: 116460 | N75: 38340 | P75: 1260 | R75: 0 | V75: 23760 | X75: 0 | Z75: 23760 | AB75: 3600 | AD75: 0 | AF75: 3600 | AH75: 400 | AL75: 217360 | AN75: 0 | AP75: 217360 | AQ75: =+Z75/AP75 -> 0.10931174 | AR75: =+Z75/180 -> 132 | AS75: =+AF75/AP75 -> 0.016562385 | AT75: =+AF75/180 -> 20 | AU75: =+AH75/AP75 -> 0.001840265 | AV75: =+AH75/180 -> 2.2222222
A76: =+CONCATENATE(D76,C76) -> Pichidegua3 | B76: =+CONCATENATE(G76,C76) -> PICH5C3 | C76: 3 | D76: Pichidegua | E76: blanco | F76: Packing 5 | G76: PICH5C | AQ76: 0 | AR76: =+Z76/180 -> 0 | AS76: 0 | AT76: =+AF76/180 -> 0 | AU76: 0 | AV76: =+AH76/180 -> 0
A77: =+CONCATENATE(D77,C77) -> Pichidegua3 | B77: =+CONCATENATE(G77,C77) -> PICH5D3 | C77: 3 | D77: Pichidegua | E77: blanco | F77: Packing 5 | G77: PICH5D | H77: 4800 | J77: 9180 | L77: 93960 | N77: 208800 | P77: 24660 | R77: 0 | V77: 21240 | X77: 0 | Z77: 21240 | AB77: 3240 | AD77: 0 | AF77: 3240 | AH77: 700 | AL77: 366580 | AN77: 0 | AP77: 366580 | AQ77: =+Z77/AP77 -> 0.057940968 | AR77: =+Z77/180 -> 118 | AS77: =+AF77/AP77 -> 0.0088384527 | AT77: =+AF77/180 -> 18 | AU77: =+AH77/AP77 -> 0.0019095423 | AV77: =+AH77/180 -> 3.8888889
A78: =+CONCATENATE(D78,C78) -> Pichidegua3 | B78: =+CONCATENATE(G78,C78) -> PICH1Aco3 | C78: 3 | D78: Pichidegua | E78: color | F78: Packing 1 Color | G78: PICH1Aco | H78: 1320 | J78: 7740 | L78: 14660 | N78: 24300 | P78: 720 | R78: 0 | V78: 2931 | X78: 0 | Z78: 2931 | AB78: 1086 | AD78: 0 | AF78: 1086 | AH78: 703 | AL78: 53460 | AN78: 2460 | AP78: 53460 | AQ78: =+Z78/AP78 -> 0.054826038 | AR78: =+Z78/180 -> 16.283333 | AS78: =+AF78/AP78 -> 0.020314254 | AT78: =+AF78/180 -> 6.0333333 | AU78: =+AH78/AP78 -> 0.013150019 | AV78: =+AH78/180 -> 3.9055556
A79: =+CONCATENATE(D79,C79) -> Pichidegua3 | B79: =+CONCATENATE(G79,C79) -> PICH1Aco23 | C79: 3 | D79: Pichidegua | E79: color | F79: Packing 1 Color | G79: PICH1Aco2 | H79: 3960 | J79: 16020 | L79: 32940 | N79: 11880 | P79: 540 | R79: 0 | V79: 6120 | X79: 3150 | Z79: 9270 | AB79: 1353 | AD79: 960 | AF79: 2313 | AH79: 3027 | AL79: 75840 | AN79: 4500 | AP79: 79950 | AQ79: =+Z79/AP79 -> 0.11594747 | AR79: =+Z79/180 -> 51.5 | AS79: =+AF79/AP79 -> 0.028930582 | AT79: =+AF79/180 -> 12.85 | AU79: =+AH79/AP79 -> 0.037861163 | AV79: =+AH79/180 -> 16.816667
A80: =+CONCATENATE(D80,C80) -> Pichidegua3 | B80: =+CONCATENATE(G80,C80) -> PICH1Bco3 | C80: 3 | D80: Pichidegua | E80: color | F80: Packing 1 Color | G80: PICH1Bco | H80: 1200 | J80: 0 | L80: 5700 | N80: 21780 | P80: 11160 | R80: 720 | V80: 1029 | X80: 600 | Z80: 1629 | AB80: 180 | AD80: 30 | AF80: 210 | AH80: 81 | AL80: 41850 | AN80: 900 | AP80: 42480 | AQ80: =+Z80/AP80 -> 0.038347458 | AR80: =+Z80/180 -> 9.05 | AS80: =+AF80/AP80 -> 0.0049435028 | AT80: =+AF80/180 -> 1.1666667 | AU80: =+AH80/AP80 -> 0.0019067797 | AV80: =+AH80/180 -> 0.45
A81: =+CONCATENATE(D81,C81) -> Pichidegua3 | B81: =+CONCATENATE(G81,C81) -> PICH2BCO3 | C81: 3 | D81: Pichidegua | E81: color | F81: Packing 1 Color | G81: PICH2BCO | H81: 8040 | J81: 13680 | L81: 29340 | N81: 12600 | P81: 720 | R81: 0 | V81: 2925 | X81: 960 | Z81: 3885 | AB81: 1758 | AD81: 630 | AF81: 2388 | AH81: 2115 | AL81: 71178 | AN81: 1290 | AP81: 72768 | AQ81: =+Z81/AP81 -> 0.053388852 | AR81: =+Z81/180 -> 21.583333 | AS81: =+AF81/AP81 -> 0.032816623 | AT81: =+AF81/180 -> 13.266667 | AU81: =+AH81/AP81 -> 0.029064974 | AV81: =+AH81/180 -> 11.75
A82: =+CONCATENATE(D82,C82) -> Pichidegua3 | B82: =+CONCATENATE(G82,C82) -> PICH4Bco3 | C82: 3 | D82: Pichidegua | E82: color | F82: Packing 4 | G82: PICH4Bco | H82: 5640 | J82: 12780 | L82: 16740 | N82: 6480 | P82: 0 | R82: 0 | V82: 4680 | X82: 0 | Z82: 4680 | AB82: 2340 | AD82: 0 | AF82: 2340 | AH82: 240 | AL82: 48900 | AN82: 0 | AP82: 48900 | AQ82: =+Z82/AP82 -> 0.095705521 | AR82: =+Z82/180 -> 26 | AS82: =+AF82/AP82 -> 0.047852761 | AT82: =+AF82/180 -> 13 | AU82: =+AH82/AP82 -> 0.0049079755 | AV82: =+AH82/180 -> 1.3333333
A83: =+CONCATENATE(D83,C83) -> Pichidegua3 | B83: =+CONCATENATE(G83,C83) -> PICH5Aco3 | C83: 3 | D83: Pichidegua | E83: color | F83: Packing 5 | G83: PICH5Aco | H83: 3840 | J83: 9360 | L83: 14580 | N83: 104580 | P83: 16020 | R83: 1980 | V83: 4680 | X83: 0 | Z83: 4680 | AB83: 2340 | AD83: 0 | AF83: 2340 | AH83: 600 | AL83: 157980 | AN83: 0 | AP83: 157980 | AQ83: =+Z83/AP83 -> 0.029624003 | AR83: =+Z83/180 -> 26 | AS83: =+AF83/AP83 -> 0.014812002 | AT83: =+AF83/180 -> 13 | AU83: =+AH83/AP83 -> 0.0037979491 | AV83: =+AH83/180 -> 3.3333333
A84: =+CONCATENATE(D84,C84) -> Pichidegua3 | B84: =+CONCATENATE(G84,C84) -> PICH5Bco3 | C84: 3 | D84: Pichidegua | E84: color | F84: Packing 5 | G84: PICH5Bco | H84: 4800 | J84: 10440 | L84: 18720 | N84: 65340 | P84: 0 | R84: 0 | V84: 5400 | X84: 0 | Z84: 5400 | AB84: 3060 | AD84: 0 | AF84: 3060 | AH84: 720 | AL84: 108480 | AN84: 0 | AP84: 108480 | AQ84: =+Z84/AP84 -> 0.049778761 | AR84: =+Z84/180 -> 30 | AS84: =+AF84/AP84 -> 0.028207965 | AT84: =+AF84/180 -> 17 | AU84: =+AH84/AP84 -> 0.0066371681 | AV84: =+AH84/180 -> 4
A85: =+CONCATENATE(D85,C85) -> Pichidegua3 | B85: =+CONCATENATE(G85,C85) -> PICH5Cco3 | C85: 3 | D85: Pichidegua | E85: color | F85: Packing 5 | G85: PICH5Cco | H85: 0 | J85: 0 | L85: 0 | N85: 0 | P85: 0 | R85: 0 | V85: 0 | X85: 0 | Z85: 0 | AB85: 0 | AD85: 0 | AF85: 0 | AH85: 0 | AL85: 0 | AN85: 0 | AP85: 0 | AQ85: 0 | AR85: =+Z85/180 -> 0 | AS85: 0 | AT85: =+AF85/180 -> 0 | AU85: 0 | AV85: =+AH85/180 -> 0
A86: =+CONCATENATE(D86,C86) -> 3 | B86: =+CONCATENATE(G86,C86) -> Lavado3 | C86: 3 | G86: Lavado | H86: 5400 | J86: 21240 | L86: 72720 | N86: 63360 | P86: 14040 | R86: 900 | AL86: 177660 | AP86: 177660 | AQ86: =+Z86/AP86 -> 0 | AR86: =+Z86/180 -> 0 | AS86: =+AF86/AP86 -> 0 | AT86: =+AF86/180 -> 0 | AU86: =+AH86/AP86 -> 0 | AV86: =+AH86/180 -> 0
A87: =+CONCATENATE(D87,C87) -> Calera4 | B87: =+CONCATENATE(G87,C87) -> CA3A4 | C87: 4 | D87: Calera | E87: color | F87: Packing 1 Color | G87: CA3A | H87: 4320 | J87: 19440 | L87: 12600 | N87: 51120 | P87: 360 | R87: 180 | V87: 1848 | X87: 780 | Z87: 2628 | AB87: 987 | AD87: 780 | AF87: 1767 | AH87: 555 | AL87: 91410 | AN87: 1560 | AP87: 92970 | AQ87: =+Z87/AP87 -> 0.028267183 | AR87: =+Z87/180 -> 14.6 | AS87: =+AF87/AP87 -> 0.019006131 | AT87: =+AF87/180 -> 9.8166667 | AU87: =+AH87/AP87 -> 0.0059696676 | AV87: =+AH87/180 -> 3.0833333
A88: =+CONCATENATE(D88,C88) -> Calera4 | B88: =+CONCATENATE(G88,C88) -> CA3B4 | C88: 4 | D88: Calera | E88: color | F88: Packing 1 Color | G88: CA3B | H88: 480 | J88: 900 | L88: 1800 | N88: 720 | P88: 0 | R88: 0 | V88: 156 | X88: 120 | Z88: 276 | AB88: 69 | AD88: 90 | AF88: 159 | AH88: 45 | AL88: 4170 | AN88: 210 | AP88: 4380 | AQ88: =+Z88/AP88 -> 0.063013699 | AR88: =+Z88/180 -> 1.5333333 | AS88: =+AF88/AP88 -> 0.03630137 | AT88: =+AF88/180 -> 0.88333333 | AU88: =+AH88/AP88 -> 0.010273973 | AV88: =+AH88/180 -> 0.25
A89: =+CONCATENATE(D89,C89) -> Calera4 | B89: =+CONCATENATE(G89,C89) -> CA3BB4 | C89: 4 | D89: Calera | E89: blanco | F89: Packing 1 Color | G89: CA3BB | H89: 840 | J89: 6300 | L89: 6480 | N89: 22680 | P89: 11520 | R89: 0 | V89: 945 | X89: 120 | Z89: 1065 | AB89: 1014 | AD89: 330 | AF89: 1344 | AH89: 1131 | AL89: 50910 | AN89: 450 | AP89: 51360 | AQ89: =+Z89/AP89 -> 0.020735981 | AR89: =+Z89/180 -> 5.9166667 | AS89: =+AF89/AP89 -> 0.026168224 | AT89: =+AF89/180 -> 7.4666667 | AU89: =+AH89/AP89 -> 0.022021028 | AV89: =+AH89/180 -> 6.2833333
A90: =+CONCATENATE(D90,C90) -> Calera4 | B90: =+CONCATENATE(G90,C90) -> CAP1A4 | C90: 4 | D90: Calera | E90: color | F90: Packing 1 Color | G90: CAP1A | H90: 240 | J90: 180 | L90: 2400 | N90: 13320 | P90: 4320 | R90: 180 | V90: 390 | X90: 630 | Z90: 1020 | AB90: 150 | AD90: 0 | AF90: 150 | AH90: 390 | AL90: 21570 | AN90: 630 | AP90: 22200 | AQ90: =+Z90/AP90 -> 0.045945946 | AR90: =+Z90/180 -> 5.6666667 | AS90: =+AF90/AP90 -> 0.0067567568 | AT90: =+AF90/180 -> 0.83333333 | AU90: =+AH90/AP90 -> 0.017567568 | AV90: =+AH90/180 -> 2.1666667
A91: =+CONCATENATE(D91,C91) -> Calera4 | B91: =+CONCATENATE(G91,C91) -> CAP1B4 | C91: 4 | D91: Calera | E91: color | F91: Packing 1 Color | G91: CAP1B | H91: 720 | J91: 3600 | L91: 2700 | N91: 13500 | P91: 180 | R91: 360 | V91: 630 | X91: 270 | Z91: 900 | AB91: 210 | AD91: 0 | AF91: 210 | AH91: 240 | AL91: 22140 | AN91: 270 | AP91: 22410 | AQ91: =+Z91/AP91 -> 0.040160643 | AR91: =+Z91/180 -> 5 | AS91: =+AF91/AP91 -> 0.0093708166 | AT91: =+AF91/180 -> 1.1666667 | AU91: =+AH91/AP91 -> 0.010709505 | AV91: =+AH91/180 -> 1.3333333
A92: =+CONCATENATE(D92,C92) -> Calera4 | B92: =+CONCATENATE(G92,C92) -> CAP1c4 | C92: 4 | D92: Calera | E92: color | F92: Packing 1 Color | G92: CAP1c | H92: 840 | J92: 0 | L92: 3200 | N92: 22500 | P92: 5580 | R92: 0 | V92: 315 | X92: 570 | Z92: 885 | AB92: 153 | AD92: 0 | AF92: 153 | AH92: 102 | AL92: 32690 | AN92: 570 | AP92: 33260 | AQ92: =+Z92/AP92 -> 0.026608539 | AR92: =+Z92/180 -> 4.9166667 | AS92: =+AF92/AP92 -> 0.0046001203 | AT92: =+AF92/180 -> 0.85 | AU92: =+AH92/AP92 -> 0.0030667468 | AV92: =+AH92/180 -> 0.56666667
A93: =+CONCATENATE(D93,C93) -> Pichidegua4 | B93: =+CONCATENATE(G93,C93) -> PICH1A4 | C93: 4 | D93: Pichidegua | F93: Packing 1 Blanco | G93: PICH1A | AQ93: 0 | AR93: =+Z93/180 -> 0 | AS93: 0 | AT93: =+AF93/180 -> 0 | AU93: 0 | AV93: =+AH93/180 -> 0
A94: =+CONCATENATE(D94,C94) -> Pichidegua4 | B94: =+CONCATENATE(G94,C94) -> PICH2A4 | C94: 4 | D94: Pichidegua | E94: color | F94: Packing 1 Blanco | G94: PICH2A | H94: 1800 | J94: 42120 | L94: 179940 | N94: 93420 | P94: 5040 | R94: 0 | V94: 17460 | X94: 0 | Z94: 17460 | AB94: 4140 | AD94: 0 | AF94: 4140 | AH94: 640 | AL94: 344560 | AN94: 0 | AP94: 344560 | AQ94: =+Z94/AP94 -> 0.050673322 | AR94: =+Z94/180 -> 97 | AS94: =+AF94/AP94 -> 0.012015324 | AT94: =+AF94/180 -> 23 | AU94: =+AH94/AP94 -> 0.0018574414 | AV94: =+AH94/180 -> 3.5555556
A95: =+CONCATENATE(D95,C95) -> Pichidegua4 | B95: =+CONCATENATE(G95,C95) -> PICH3A4 | C95: 4 | D95: Pichidegua | E95: blanco | F95: Packing 3 | G95: PICH3A | H95: 1680 | J95: 16020 | L95: 149920 | N95: 132300 | P95: 9720 | R95: 0 | V95: 16020 | X95: 0 | Z95: 16020 | AB95: 1980 | AD95: 0 | AF95: 1980 | AH95: 300 | AL95: 327940 | AN95: 0 | AP95: 327940 | AQ95: =+Z95/AP95 -> 0.048850399 | AR95: =+Z95/180 -> 89 | AS95: =+AF95/AP95 -> 0.0060376898 | AT95: =+AF95/180 -> 11 | AU95: =+AH95/AP95 -> 0.00091480149 | AV95: =+AH95/180 -> 1.6666667
A96: =+CONCATENATE(D96,C96) -> Pichidegua4 | B96: =+CONCATENATE(G96,C96) -> PICH4A4 | C96: 4 | D96: Pichidegua | E96: blanco | F96: Packing 4 | G96: PICH4A | AQ96: 0 | AR96: =+Z96/180 -> 0 | AS96: 0 | AT96: =+AF96/180 -> 0 | AU96: 0 | AV96: =+AH96/180 -> 0
A97: =+CONCATENATE(D97,C97) -> Pichidegua4 | B97: =+CONCATENATE(G97,C97) -> PICH5A4 | C97: 4 | D97: Pichidegua | E97: blanco | F97: Packing 5 | G97: PICH5A | H97: 10560 | J97: 2340 | L97: 29160 | N97: 192060 | P97: 74520 | R97: 1260 | V97: 8280 | X97: 0 | Z97: 8280 | AB97: 1260 | AD97: 0 | AF97: 1260 | AH97: 580 | AL97: 320020 | AN97: 0 | AP97: 320020 | AQ97: =+Z97/AP97 -> 0.025873383 | AR97: =+Z97/180 -> 46 | AS97: =+AF97/AP97 -> 0.0039372539 | AT97: =+AF97/180 -> 7 | AU97: =+AH97/AP97 -> 0.0018123867 | AV97: =+AH97/180 -> 3.2222222
A98: =+CONCATENATE(D98,C98) -> Pichidegua4 | B98: =+CONCATENATE(G98,C98) -> PICH1B4 | C98: 4 | D98: Pichidegua | F98: Packing 1 Blanco | G98: PICH1B | AQ98: 0 | AR98: =+Z98/180 -> 0 | AS98: 0 | AT98: =+AF98/180 -> 0 | AU98: 0 | AV98: =+AH98/180 -> 0
A99: =+CONCATENATE(D99,C99) -> Pichidegua4 | B99: =+CONCATENATE(G99,C99) -> PICH2B4 | C99: 4 | D99: Pichidegua | E99: blanco | F99: Packing 1 Blanco | G99: PICH2B | AQ99: 0 | AR99: =+Z99/180 -> 0 | AS99: 0 | AT99: =+AF99/180 -> 0 | AU99: 0 | AV99: =+AH99/180 -> 0
A100: =+CONCATENATE(D100,C100) -> Pichidegua4 | B100: =+CONCATENATE(G100,C100) -> PICH3B4 | C100: 4 | D100: Pichidegua | E100: blanco | F100: Packing 3 | G100: PICH3B | AQ100: 0 | AR100: =+Z100/180 -> 0 | AS100: 0 | AT100: =+AF100/180 -> 0 | AU100: 0 | AV100: =+AH100/180 -> 0
...

Sheet TD
A1: Sem | B1: 52
A3: Etiquetas de fila | B3: SUCIO PACKING | C3: TRIZADO PACKING | D3: LIQUIDO PACKING
A4: Packing 1 Color | B4: 0.047004838 | C4: 0.018883207 | D4: 0.010048376
A5: Packing 1 Blanco | B5: 0.039148086 | C5: 0.022164583 | D5: 0.0060929243
A6: Packing 3 | B6: 0.05659544 | C6: 0.0054891899 | D6: 0.0044165896
A7: Packing 4 | B7: 0.062530834 | C7: 0.022200296 | D7: 0.0094967933
A8: Packing 5 | B8: 0.056337001 | C8: 0.010768378 | D8: 0.004216885
A9: Total general | B9: 0.053973022 | C9: 0.011815926 | D9: 0.0054012947
A12: Sem | B12: 52
A14: Etiquetas de fila | B14: Suma de Total Sucio | C14: Suma de Total Trizado | D14: Suma de Total Liquido
A15: Calera52 | B15: 0.067770352 | C15: 0.024027947 | D15: 0.016747671
A16: Pichidegua52 | B16: 0.053527305 | C16: 0.011421422 | D16: 0.0050347546
A17: 52 | B17: 0 | C17: 0 | D17: 0
A18: Total general | B18: 0.051856317 | C18: 0.011352531 | D18: 0.0051894676
A21: Sem | B21: 52
A23: Etiquetas de fila | B23: % J | C23: % S | D23: % X | E23: % 1ra | F23: % 2da | G23: %3ra | H23: %4ta | I23: %SM | J23: %SS | K23: %ST | L23: %TM | M23: %TS | N23: %TT | O23: %L
A24: Calera52 | B24: 0.047387606 | C24: 0.14216282 | D24: 0.34528149 | E24: 0.32442284 | F24: 0.030376671 | G24: 0.0018226002 | H24: 0 | I24: 0.063213852 | J24: 0.0045565006 | K24: 0.067770352 | L24: 0.016433779 | M24: 0.0075941677 | N24: 0.024027947 | O24: 0.016747671
A25: Pichidegua52 | B25: 0.024493401 | C25: 0.11855486 | D25: 0.3221628 | E25: 0.37746921 | F25: 0.087336245 | G25: 0 | H25: 0 | I25: 0.05248712 | J25: 0.0010401845 | K25: 0.053527305 | L25: 0.011028899 | M25: 0.00039252245 | N25: 0.011421422 | O25: 0.0050347546
A26: 52 | B26: 0.040055892 | C26: 0.12296227 | D26: 0.39823009 | E26: 0.36050303 | F26: 0.072659525 | G26: 0.0055891942 | H26: 0 | I26: 0 | J26: 0 | K26: 0 | L26: 0 | M26: 0 | N26: 0 | O26: 0
A27: Total general | B27: 0.025792074 | C27: 0.11943752 | D27: 0.32584109 | E27: 0.37520892 | F27: 0.085048086 | G27: 0.00027399512 | H27: 0 | I27: 0.050751203 | J27: 0.0011051137 | K27: 0.051856317 | L27: 0.010758875 | M27: 0.0005936561 | N27: 0.011352531 | O27: 0.0051894676
A29: Sem | B29: 52
A31: Etiquetas de fila | B31: J | C31: SX | D31: X | E31: 1ra | F31: 2da | G31: 3ra | H31: 4ta | I31: SM | J31: SS | K31: ST | L31: TM | M31: TS | N31: TT | O31: LM
A32: Calera52 | B32: 4680 | C32: 14040 | D32: 34100 | E32: 32040 | F32: 3000 | G32: 180 | H32: 0 | I32: 6243 | J32: 450 | K32: 6693 | L32: 1623 | M32: 750 | N32: 2373 | O32: 1654
A33: Pichidegua52 | B33: 74880 | C33: 362440 | D33: 984900 | E33: 1153980 | F33: 267000 | G33: 0 | H33: 0 | I33: 160461 | J33: 3180 | K33: 163641 | L33: 33717 | M33: 1200 | N33: 34917 | O33: 15392
A34: 52 | B34: 5160 | C34: 15840 | D34: 51300 | E34: 46440 | F34: 9360 | G34: 720 | H34: 0 | I34: 0 | J34: 0 | K34: 0 | L34: 0 | M34: 0 | N34: 0 | O34: 0
A35: Total general | B35: 84720 | C35: 392320 | D35: 1070300 | E35: 1232460 | F35: 279360 | G35: 900 | H35: 0 | I35: 166704 | J35: 3630 | K35: 170334 | L35: 35340 | M35: 1950 | N35: 37290 | O35: 17046

Sheet Tablas
A2: SUCIO POR PACKING | B2: S01 | C2: S02 | D2: S03 | E2: S04 | F2: S05 | G2: S06 | H2: S07 | I2: S08 | J2: S09 | K2: S10 | L2: S11 | M2: S12 | N2: S13 | O2: S14 | P2: S15 | Q2: S16 | R2: S17 | S2: S18 | T2: S19 | U2: S20 | V2: S21 | W2: S22 | X2: S23 | Y2: S24 | Z2: S25 | AA2: S26 | AB2: S27 | AC2: S28 | AD2: S29 | AE2: S30 | AF2: S31 | AG2: S32 | AH2: S33 | AI2: S34 | AJ2: S35 | AK2: S36 | AL2: S37 | AM2: S38 | AN2: S39 | AO2: S40 | AP2: S41 | AQ2: S42 | AR2: S43 | AS2: S44 | AT2: S45 | AU2: S46 | AV2: S47 | AW2: S48 | AX2: S49 | AY2: S50 | AZ2: S51 | BA2: S52 | BB2: S01 | BC2: S02 | BD2: S03 | BE2: S04 | BF2: S05 | BG2: S06 | BH2: S07 | BI2: S08 | BJ2: S09 | BK2: S10 | BL2: S11 | BM2: S12 | BN2: S13 | BO2: S14 | BP2: S15 | BQ2: S16 | BR2: S17 | BS2: S18 | BT2: S19 | BU2: S20 | BV2: S21 | BW2: S22 | BX2: S23 | BY2: S24 | BZ2: S25 | CA2: S26 | CB2: S27 | CC2: S28 | CD2: S29 | CE2: S30 | CF2: S31 | CG2: S32 | CH2: S33 | CI2: S34 | CJ2: S35 | CK2: S36 | CL2: S37 | CM2: S38 | CN2: S39 | CO2: S40 | CP2: S41 | CQ2: S42 | CR2: S43 | CS2: S44 | CT2: S45 | CU2: S46 | CV2: S47 | CW2: S48 | CX2: S49 | CY2: S50 | CZ2: S51 | DA2: S52
A3: Packing 1 Color | B3: 0.055607949 | C3: 0.069243151 | D3: 0.07434488 | E3: 0.070568412 | F3: 0.072452989 | G3: 0.038179908 | H3: 0.056248781 | I3: 0.079261954 | J3: 0.077105756 | K3: 0.095750298 | L3: 0.067099275 | M3: 0.059465447 | N3: 0.088221541 | O3: 0.070874979 | P3: 0.087548241 | Q3: 0.092075797 | R3: 0.075741168 | S3: 0.067561081 | T3: 0.071031762 | U3: 0.083222752 | V3: 0.09973604 | W3: 0.10393108 | X3: 0.077080695 | Y3: 0.071832595 | Z3: 0.072505605 | AA3: 0.076901735 | AB3: 0.075664697 | AC3: 0.071672397 | AD3: 0.071547951 | AE3: 0.073264716 | AF3: 0.071851663 | AG3: 0.078977478 | AH3: 0.080686199 | AI3: 0.068731242 | AJ3: 0.077168055 | AK3: 0.061611409 | AL3: 0.065933509 | AM3: 0.054413411 | AN3: 0.06351843 | AO3: 0.067216762 | AP3: 0.056219682 | AQ3: 0.041199241 | AR3: 0.04183775 | AS3: 0.072550984 | AT3: 0.064466178 | AU3: 0.059980896 | AV3: 0.066211857 | AW3: 0.0659038 | AX3: 0.072143002 | AY3: 0.065395264 | AZ3: 0.063261377 | BA3: 0.047542078 | BB3: 0.048609736 | BC3: 0.049638419 | BD3: 0.058418343 | BE3: 0.042459493 | BF3: 0.038680611 | BG3: 0.035276324 | BH3: 0.044340584 | BI3: 0.039923653 | BJ3: 0.039613015 | BK3: 0.041749389 | BL3: 0.034883721 | BM3: 0.047859371 | BN3: 0.052641361 | BO3: 0.043387185 | BP3: 0.039486568 | BQ3: 0.023796034 | BR3: 0.03291196 | BS3: 0.040627647 | BT3: 0.032349515 | BU3: 0.036191055 | BV3: 0.041597738 | BW3: 0.044579472 | BX3: 0.0591735 | BY3: 0.043264076 | BZ3: 0.072545366 | CA3: 0.066706881 | CB3: 0.060882119 | CC3: 0.055523943 | CD3: 0.053307361 | CE3: 0.059720709 | CF3: 0.064417982 | CG3: 0.05163786 | CH3: 0.057999846 | CI3: 0.060052424 | CJ3: 0.062541822 | CK3: 0.068915983 | CL3: 0.066227517 | CM3: 0.086853786 | CN3: 0.055747325 | CO3: 0.042599319 | CP3: 0.040873352 | CQ3: 0.050798418 | CR3: 0.073144298 | CS3: 0.051468186 | CT3: 0.03178889 | CU3: 0.031122535 | CV3: 0.036870843 | CW3: 0.036676139 | CX3: 0.050196759 | CY3: 0.047596179 | CZ3: 0.046261062 | DA3: 0.047004838
A4: Packing 1 Blanco | B4: 0.079537162 | C4: 0.072246462 | D4: 0.076273194 | E4: 0.10416819 | F4: 0.081195801 | G4: 0.098784 | H4: 0.082179124 | I4: 0.094311035 | J4: 0.11431568 | K4: 0.090907935 | L4: 0.081780198 | M4: 0.066007116 | N4: 0.079655663 | O4: 0.087819602 | P4: 0.06445511 | Q4: 0.098216008 | R4: 0.080736624 | S4: 0.087309496 | T4: 0.092714088 | U4: 0.090524642 | V4: 0.07585407 | W4: 0.06066838 | X4: 0.046267015 | Y4: 0.034990107 | Z4: 0.041534593 | AA4: 0.039831164 | AB4: 0.036136244 | AC4: 0.05828224 | AD4: 0.052692497 | AE4: 0.051361844 | AF4: 0.058386357 | AG4: 0.059896573 | AH4: 0.058853359 | AI4: 0.064629582 | AJ4: 0.063250172 | AK4: 0.075363794 | AL4: 0.055556396 | AM4: 0.058432397 | AN4: 0.064157924 | AO4: 0.058055378 | AP4: 0.047587032 | AQ4: 0.077994497 | AR4: 0.069348724 | AS4: 0.068025966 | AT4: 0.059232955 | AU4: 0.092563999 | AV4: 0.071183406 | AW4: 0.083502582 | AX4: 0.10250517 | AY4: 0.072235697 | AZ4: 0.05979266 | BA4: 0.088829253 | BB4: 0.10607844 | BC4: 0.044964759 | BD4: 0.062598658 | BE4: 0.050673322 | BF4: 0.051866556 | BG4: 0.071349923 | BH4: 0.059952175 | BI4: 0.052601568 | BJ4: 0.059905728 | BK4: 0.057947686 | BL4: 0.055821984 | BM4: 0.057517084 | BN4: 0.049370403 | BO4: 0.054054054 | BP4: 0.057796183 | BQ4: 0.042132961 | BR4: 0.03784023 | BS4: 0.030255376 | BT4: 0.029553679 | BU4: 0.029447853 | BV4: 0.034812436 | BW4: 0.054703608 | BX4: 0.04258955 | BY4: 0.038135593 | BZ4: 0.04507199 | CA4: 0.059736842 | CB4: 0.053596252 | CC4: 0.045979299 | CD4: 0.053184504 | CE4: 0.047100691 | CF4: 0.055475808 | CG4: 0.061889699 | CH4: 0.072281311 | CI4: 0.088306943 | CJ4: 0.055572289 | CK4: 0.0652017 | CL4: 0.11145114 | CM4: 0.72890026 | CN4: 0.90909091 | CO4: 0.95 | CP4: 0.046833882 | CQ4: 0.045513708 | CR4: 0.046216096 | CS4: 0.037984007 | CT4: 0.04397883 | CU4: 0.04486053 | CV4: 0.038564892 | CW4: 0.064958811 | CX4: 0.057248472 | CY4: 0.05533651 | CZ4: 0.034698878 | DA4: 0.039148086
A5: Packing 3 | B5: 0.092719065 | C5: 0.098129598 | D5: 0.072033898 | E5: 0.052372583 | F5: 0.049865333 | G5: 0.045176999 | H5: 0.059648305 | I5: 0.06310858 | J5: 0.057816474 | K5: 0.068942713 | L5: 0.078750988 | M5: 0.081943952 | N5: 0.089797489 | O5: 0.088400121 | P5: 0.096561134 | Q5: 0.11851185 | R5: 0.13724541 | S5: 0.097080812 | T5: 0.10126085 | U5: 0.10162602 | V5: 0.087021755 | W5: 0.10910311 | X5: 0.086542622 | Y5: 0.09164059 | Z5: 0.10188847 | AA5: 0.11203686 | AB5: 0.092636921 | AC5: 0.10008587 | AD5: 0.10690373 | AE5: 0.076743975 | AF5: 0.066397106 | AG5: 0.081804987 | AH5: 0.10920312 | AI5: 0.093048266 | AJ5: 0.084724489 | AK5: 0.083577049 | AL5: 0.070237004 | AM5: 0.072617859 | AN5: 0.081988465 | AO5: 0.079704276 | AP5: 0.079399771 | AQ5: 0.078467931 | AR5: 0.093243243 | AS5: 0.071488158 | AT5: 0.0486668 | AU5: 0.036604525 | AV5: 0.033014968 | AW5: 0.030272661 | AX5: 0.048503861 | AY5: 0.065053116 | AZ5: 0.060002041 | BA5: 0.066268735 | BB5: 0.069930899 | BC5: 0.087089297 | BD5: 0.081515712 | BE5: 0.064712753 | BF5: 0.057690298 | BG5: 0.062429933 | BH5: 0.053261942 | BI5: 0.061716871 | BJ5: 0.061714667 | BK5: 0.065591194 | BL5: 0.066183261 | BM5: 0.070340747 | BN5: 0.072975638 | BO5: 0.06937916 | BP5: 0.069723478 | BQ5: 0.074003351 | BR5: 0.079057035 | BS5: 0.087088196 | BT5: 0.077302854 | BU5: 0.070112754 | BV5: 0.056880143 | BW5: 0.057843315 | BX5: 0.048396173 | BY5: 0.046396814 | BZ5: 0.053278082 | CA5: 0.058469475 | CB5: 0.06685437 | CC5: 0.05778192 | CD5: 0.072404939 | CE5: 0.051809034 | CF5: 0.045281753 | CG5: 0.033621411 | CH5: 0.033408128 | CI5: 0.044281675 | CJ5: 0.039209726 | CK5: 0.03842854 | CL5: 0.03966207 | CM5: 0.035097066 | CN5: 0.04294357 | CO5: 0.03952643 | CP5: 0.042309205 | CQ5: 0.041905889 | CR5: 0.039272453 | CS5: 0.042958983 | CT5: 0.037918763 | CU5: 0.047457081 | CV5: 0.050958505 | CW5: 0.050721414 | CX5: 0.049922789 | CY5: 0.053635716 | CZ5: 0.054742984 | DA5: 0.05659544
A6: Packing 4 | B6: 0.094548665 | C6: 0.080834114 | D6: 0.073164631 | E6: 0.098918408 | F6: 0.094990663 | G6: 0.09588785 | H6: 0.092033535 | I6: 0.091260415 | J6: 0.095587355 | K6: 0.091665754 | L6: 0.09274282 | M6: 0.10976889 | N6: 0.10649185 | O6: 0.09679626 | P6: 0.10873606 | Q6: 0.11825131 | R6: 0.1245618 | S6: 0.10074883 | T6: 0.10810304 | U6: 0.11859634 | V6: 0.10949948 | W6: 0.1194354 | X6: 0.12301741 | Y6: 0.14958111 | Z6: 0.1111287 | AA6: 0.10941767 | AB6: 0.10706653 | AC6: 0.13115785 | AD6: 0.13178685 | AE6: 0.13516577 | AF6: 0.11851031 | AG6: 0.12513499 | AH6: 0.14937759 | AI6: 0.1318424 | AJ6: 0.1325959 | AK6: 0.12363355 | AL6: 0.11038449 | AM6: 0.12772577 | AN6: 0.1335141 | AO6: 0.1428277 | AP6: 0.12906221 | AQ6: 0.14889464 | AR6: 0.14511912 | AS6: 0.13563295 | AT6: 0.12957631 | AU6: 0.1542888 | AV6: 0.13165714 | AW6: 0.13309138 | AX6: 0.12310948 | AY6: 0.12111064 | AZ6: 0.12742461 | BA6: 0.12001404 | BB6: 0.1548996 | BC6: 0.17962365 | BD6: 0.13990747 | BE6: 0.12228994 | BF6: 0.13173146 | BG6: 0.12119565 | BH6: 0.10452291 | BI6: 0.10955101 | BJ6: 0.11509397 | BK6: 0.12881766 | BL6: 0.092219762 | BM6: 0.10200227 | BN6: 0.09850336 | BO6: 0.11258796 | BP6: 0.1020225 | BQ6: 0.10406925 | BR6: 0.12484422 | BS6: 0.13116208 | BT6: 0.10592046 | BU6: 0.1440281 | BV6: 0.14635996 | BW6: 0.1703103 | BX6: 0.13159698 | BY6: 0.14324251 | BZ6: 0.16391784 | CA6: 0.15845983 | CB6: 0.18294461 | CC6: 0.15456059 | CD6: 0.16434783 | CE6: 0.1198282 | CF6: 0.12411139 | CG6: 0.11917278 | CH6: 0.11322535 | CI6: 0.11836787 | CJ6: 0.10946162 | CK6: 0.11770524 | CL6: 0.12641929 | CM6: 0.11910417 | CN6: 0.13000081 | CO6: 0.11695473 | CP6: 0.14379926 | CQ6: 0.15722232 | CR6: 0.1858382 | CS6: 0.070736434 | CT6: 0.074493574 | CU6: 0.099315824 | CV6: 0.087799457 | CW6: 0.085355339 | CX6: 0.071705212 | CY6: 0.064160055 | CZ6: 0.086471563 | DA6: 0.062530834
A7: Packing 5 | B7: 0.08369182 | C7: 0.061457008 | D7: 0.067036883 | E7: 0.066212344 | F7: 0.068570241 | G7: 0.065179225 | H7: 0.061139665 | I7: 0.063185203 | J7: 0.062686672 | K7: 0.069517234 | L7: 0.054019523 | M7: 0.075746596 | N7: 0.096088435 | O7: 0.097193309 | P7: 0.081071543 | Q7: 0.084399326 | R7: 0.084042537 | S7: 0.085517108 | T7: 0.084875005 | U7: 0.087030307 | V7: 0.076283728 | W7: 0.064126217 | X7: 0.068087552 | Y7: 0.058703446 | Z7: 0.062167767 | AA7: 0.068053217 | AB7: 0.068575091 | AC7: 0.082259127 | AD7: 0.097036728 | AE7: 0.081660709 | AF7: 0.090636816 | AG7: 0.12334183 | AH7: 0.13703858 | AI7: 0.14418358 | AJ7: 0.11898162 | AK7: 0.11844835 | AL7: 0.14016667 | AM7: 0.19986613 | AN7: 0.13831259 | AO7: 0.10272427 | AP7: 0.080505861 | AQ7: 0.088481114 | AR7: 0.091635916 | AS7: 0.091558323 | AT7: 0.080270115 | AU7: 0.091177138 | AV7: 0.10591222 | AW7: 0.07911145 | AX7: 0.074924393 | AY7: 0.080653664 | AZ7: 0.055256705 | BA7: 0.05580486 | BB7: 0.056461932 | BC7: 0.055811987 | BD7: 0.056479304 | BE7: 0.062301796 | BF7: 0.04466977 | BG7: 0.038710932 | BH7: 0.045126518 | BI7: 0.043497069 | BJ7: 0.055662451 | BK7: 0.042497766 | BL7: 0.045815505 | BM7: 0.043812343 | BN7: 0.048298242 | BO7: 0.046366565 | BP7: 0.047648826 | BQ7: 0.050566298 | BR7: 0.061129275 | BS7: 0.061049785 | BT7: 0.053451318 | BU7: 0.056404722 | BV7: 0.053819246 | BW7: 0.05809822 | BX7: 0.069060299 | BY7: 0.064157113 | BZ7: 0.064406431 | CA7: 0.086678212 | CB7: 0.07939378 | CC7: 0.083171329 | CD7: 0.07792256 | CE7: 0.075519538 | CF7: 0.068417393 | CG7: 0.073257006 | CH7: 0.061638118 | CI7: 0.062670332 | CJ7: 0.059006267 | CK7: 0.061989149 | CL7: 0.053479536 | CM7: 0.061884669 | CN7: 0.068458104 | CO7: 0.065088205 | CP7: 0.055837964 | CQ7: 0.082442194 | CR7: 0.053916004 | CS7: 0.048660617 | CT7: 0.06967185 | CU7: 0.072212389 | CV7: 0.062304593 | CW7: 0.054631431 | CX7: 0.044936503 | CY7: 0.045394295 | CZ7: 0.045933888 | DA7: 0.056337001
A9: TRIZADO POR PACKING | B9: S01 | C9: S02 | D9: S03 | E9: S04 | F9: S05 | G9: S06 | H9: S07 | I9: S08 | J9: S09 | K9: S10 | L9: S11 | M9: S12 | N9: S13 | O9: S14 | P9: S15 | Q9: S16 | R9: S17 | S9: S18 | T9: S19 | U9: S20 | V9: S21 | W9: S22 | X9: S23 | Y9: S24 | Z9: S25 | AA9: S26 | AB9: S27 | AC9: S28 | AD9: S29 | AE9: S30 | AF9: S31 | AG9: S32 | AH9: S33 | AI9: S34 | AJ9: S35 | AK9: S36 | AL9: S37 | AM9: S38 | AN9: S39 | AO9: S40 | AP9: S41 | AQ9: S42 | AR9: S43 | AS9: S44 | AT9: S45 | AU9: S46 | AV9: S47 | AW9: S48 | AX9: S49 | AY9: S50 | AZ9: S51 | BA9: S52 | BB9: S01 | BC9: S02 | BD9: S03 | BE9: S04 | BF9: S05 | BG9: S06 | BH9: S07 | BI9: S08 | BJ9: S09 | BK9: S10 | BL9: S11 | BM9: S12 | BN9: S13 | BO9: S14 | BP9: S15 | BQ9: S16 | BR9: S17 | BS9: S18 | BT9: S19 | BU9: S20 | BV9: S21 | BW9: S22 | BX9: S23 | BY9: S24 | BZ9: S25 | CA9: =+CA2 -> S26 | CB9: =+CB2 -> S27 | CC9: =+CC2 -> S28 | CD9: =+CD2 -> S29 | CE9: =+CE2 -> S30 | CF9: =+CF2 -> S31 | CG9: =+CG2 -> S32 | CH9: =+CH2 -> S33 | ... DA9: =+DA2 -> S52
A10: Packing 1 Color | B10: 0.026751431 | C10: 0.036890111 | D10: 0.031931476 | E10: 0.03014784 | F10: 0.026352024 | G10: 0.013635681 | H10: 0.015673971 | I10: 0.027806653 | J10: 0.024964904 | K10: 0.037486412 | L10: 0.024498567 | M10: 0.021660224 | N10: 0.023895518 | O10: 0.019402195 | P10: 0.01946084 | Q10: 0.023263644 | R10: 0.01767008 | S10: 0.017084128 | T10: 0.015890708 | U10: 0.021211235 | V10: 0.021640195 | W10: 0.018933709 | X10: 0.023089674 | Y10: 0.021521225 | Z10: 0.019569787 | AA10: 0.015671395 | AB10: 0.018471207 | AC10: 0.020090366 | AD10: 0.01995907 | AE10: 0.019330142 | AF10: 0.020775546 | AG10: 0.021808483 | AH10: 0.019892059 | AI10: 0.018081651 | AJ10: 0.020725135 | AK10: 0.017209439 | AL10: 0.014790314 | AM10: 0.020553744 | AN10: 0.019548356 | AO10: 0.022302121 | AP10: 0.020808475 | AQ10: 0.021511522 | AR10: 0.023231889 | AS10: 0.029400216 | AT10: 0.024630341 | AU10: 0.024883441 | AV10: 0.024816601 | AW10: 0.028318468 | AX10: 0.02633642 | AY10: 0.023188975 | AZ10: 0.029760778 | BA10: 0.01903061 | BB10: 0.023010373 | BC10: 0.018400852 | BD10: 0.020784115 | BE10: 0.016673748 | BF10: 0.020095508 | BG10: 0.022424787 | BH10: 0.025452091 | BI10: 0.020944973 | BJ10: 0.0235464 | BK10: 0.018362881 | BL10: 0.020912297 | BM10: 0.020820338 | BN10: 0.022667875 | BO10: 0.018129645 | BP10: 0.014221585 | BQ10: 0.013356107 | BR10: 0.013028451 | BS10: 0.014693878 | BT10: 0.01318835 | BU10: 0.014116486 | BV10: 0.010421993 | BW10: 0.015663058 | BX10: 0.014183552 | BY10: 0.015938084 | BZ10: 0.018806352 | CA10: 0.01390467 | CB10: 0.015427001 | CC10: 0.014061822 | CD10: 0.013801393 | CE10: 0.017143706 | CF10: 0.018788214 | CG10: 0.015572226 | CH10: 0.014270308 | CI10: 0.020291645 | CJ10: 0.020052955 | CK10: 0.018179623 | CL10: 0.019674976 | CM10: 0.015039164 | CN10: 0.017362789 | CO10: 0.018217934 | CP10: 0.024647344 | CQ10: 0.028783635 | CR10: 0.024456411 | CS10: 0.027136255 | CT10: 0.016432825 | CU10: 0.015691893 | CV10: 0.027794599 | CW10: 0.021821189 | CX10: 0.026896391 | CY10: 0.024111862 | CZ10: 0.021743363 | DA10: 0.018883207
A11: Packing 1 Blanco | B11: 0.022210486 | C11: 0.022890284 | D11: 0.025552704 | E11: 0.02572054 | F11: 0.023311273 | G11: 0.031296 | H11: 0.024870984 | I11: 0.022241281 | J11: 0.034609334 | K11: 0.025178026 | L11: 0.027234743 | M11: 0.017077586 | N11: 0.025635761 | O11: 0.028018466 | P11: 0.02377188 | Q11: 0.057280617 | R11: 0.024585531 | S11: 0.030026377 | T11: 0.033408149 | U11: 0.06572337 | V11: 0.047764656 | W11: 0.011413882 | X11: 0.012072047 | Y11: 0.0098219232 | Z11: 0.014955597 | AA11: 0.011767696 | AB11: 0.0089250357 | AC11: 0.013685961 | AD11: 0.011294798 | AE11: 0.0087894495 | AF11: 0.013631525 | AG11: 0.010393429 | AH11: 0.013522065 | AI11: 0.018956678 | AJ11: 0.013783027 | AK11: 0.041589498 | AL11: 0.015367749 | AM11: 0.01389288 | AN11: 0.01184572 | AO11: 0.01095109 | AP11: 0.0080850094 | AQ11: 0.0072179762 | AR11: 0.010452784 | AS11: 0.0098615379 | AT11: 0.0094899892 | AU11: 0.013689873 | AV11: 0.010399964 | AW11: 0.0168544 | AX11: 0.020880682 | AY11: 0.013011842 | AZ11: 0.014365732 | BA11: 0.019385543 | BB11: 0.023913555 | BC11: 0.013779716 | BD11: 0.014206788 | BE11: 0.012015324 | BF11: 0.010661459 | BG11: 0.015194891 | BH11: 0.01178547 | BI11: 0.012188168 | BJ11: 0.012855306 | BK11: 0.012072435 | BL11: 0.012852484 | BM11: 0.01309795 | BN11: 0.014025683 | BO11: 0.011261261 | BP11: 0.011883327 | BQ11: 0.014836889 | BR11: 0.018588183 | BS11: 0.010050938 | BT11: 0.0096501809 | BU11: 0.011042945 | BV11: 0.011166253 | BW11: 0.011984536 | BX11: 0.013604995 | BY11: 0.012916894 | BZ11: 0.016901996 | CA11: 0.02 | CB11: 0.018843639 | CC11: 0.014729299 | CD11: 0.024950755 | CE11: 0.030144442 | CF11: 0.02051845 | CG11: 0.032182643 | CH11: 0.026047319 | CI11: 0.03410475 | CJ11: 0.031174699 | CK11: 0.037533082 | CL11: 0.083695111 | CM11: 0.2455243 | CN11: 0.090909091 | CO11: 0.05 | CP11: 0.019675164 | CQ11: 0.018457491 | CR11: 0.013602099 | CS11: 0.014204545 | CT11: 0.013118168 | CU11: 0.021279995 | CV11: 0.020262909 | CW11: 0.011779198 | CX11: 0.018267132 | CY11: 0.019275208 | CZ11: 0.026237821 | DA11: 0.022164583
A12: Packing 3 | B12: 0.017710383 | C12: 0.017817569 | D12: 0.041525424 | E12: 0.015817223 | F12: 0.017660639 | G12: 0.013485671 | H12: 0.01318857 | I12: 0.013779166 | J12: 0.014674232 | K12: 0.011159792 | L12: 0.010271868 | M12: 0.010908123 | N12: 0.012523685 | O12: 0.014642965 | P12: 0.013953921 | Q12: 0.01470147 | R12: 0.015871918 | S12: 0.01505874 | T12: 0.016394614 | U12: 0.017615176 | V12: 0.015378845 | W12: 0.012883024 | X12: 0.010385115 | Y12: 0.0093875726 | Z12: 0.0084536286 | AA12: 0.0097039796 | AB12: 0.011777097 | AC12: 0.011206526 | AD12: 0.010894647 | AE12: 0.0097971032 | AF12: 0.062566504 | AG12: 0.011083256 | AH12: 0.009446637 | AI12: 0.011227738 | AJ12: 0.011861428 | AK12: 0.0092260379 | AL12: 0.0082493126 | AM12: 0.0089861565 | AN12: 0.0078575586 | AO12: 0.0086992868 | AP12: 0.0079159892 | AQ12: 0.0081504368 | AR12: 0.0083563155 | AS12: 0.006093359 | AT12: 0.0069165998 | AU12: 0.0056556347 | AV12: 0.0078688525 | AW12: 0.01658776 | AX12: 0.011100386 | AY12: 0.0085423283 | AZ12: 0.0076533215 | BA12: 0.0090188219 | BB12: 0.0085411786 | BC12: 0.01158983 | BD12: 0.010314233 | BE12: 0.01149719 | BF12: 0.0087789584 | BG12: 0.010089686 | BH12: 0.011096238 | BI12: 0.012601874 | BJ12: 0.011675748 | BK12: 0.011615107 | BL12: 0.010774019 | BM12: 0.011175633 | BN12: 0.011176449 | BO12: 0.013875832 | BP12: 0.011676181 | BQ12: 0.0098203499 | BR12: 0.0099280928 | BS12: 0.010969124 | BT12: 0.013086704 | BU12: 0.01027969 | BV12: 0.0084762566 | BW12: 0.013527872 | BX12: 0.006406523 | BY12: 0.0044187442 | BZ12: 0.0063933698 | CA12: 0.0079296838 | CB12: 0.0080872222 | CC12: 0.006100144 | CD12: 0.0063821983 | CE12: 0.03682295 | CF12: 0.0035219141 | CG12: 0.0047672149 | CH12: 0.0037397158 | CI12: 0.006077877 | CJ12: 0.0058358663 | CK12: 0.0050280333 | CL12: 0.005300461 | CM12: 0.0055618301 | CN12: 0.0059958947 | CO12: 0.005128709 | CP12: 0.004779701 | CQ12: 0.0040840485 | CR12: 0.0035873875 | CS12: 0.004463271 | CT12: 0.0042336483 | CU12: 0.0048906153 | CV12: 0.0049138559 | CW12: 0.0051484142 | CX12: 0.0062174902 | CY12: 0.0054917116 | CZ12: 0.0061563223 | DA12: 0.0054891899
A13: Packing 4 | B13: 0.021452218 | C13: 0.024835989 | D13: 0.018384959 | E13: 0.019846687 | F13: 0.017902087 | G13: 0.01682243 | H13: 0.013195985 | I13: 0.01084914 | J13: 0.012209587 | K13: 0.019713065 | L13: 0.01940364 | M13: 0.016779957 | N13: 0.015649984 | O13: 0.016075704 | P13: 0.019168216 | Q13: 0.016125179 | R13: 0.018438425 | S13: 0.017192634 | T13: 0.015624267 | U13: 0.024044189 | V13: 0.028446484 | W13: 0.023525154 | X13: 0.023597679 | Y13: 0.039756283 | Z13: 0.009260725 | AA13: 0.011100344 | AB13: 0.012822339 | AC13: 0.016459024 | AD13: 0.021738037 | AE13: 0.018702182 | AF13: 0.018754157 | AG13: 0.021463283 | AH13: 0.023192837 | AI13: 0.022731447 | AJ13: 0.020757825 | AK13: 0.024813776 | AL13: 0.025406718 | AM13: 0.029945312 | AN13: 0.028286472 | AO13: 0.029214757 | AP13: 0.031104921 | AQ13: 0.032941291 | AR13: 0.033120279 | AS13: 0.032652378 | AT13: 0.037021802 | AU13: 0.037223521 | AV13: 0.040114286 | AW13: 0.035588538 | AX13: 0.029267537 | AY13: 0.11234245 | AZ13: 0.050261928 | BA13: 0.024213358 | BB13: 0.020819839 | BC13: 0.21383767 | BD13: 0.040925314 | BE13: 0.03686682 | BF13: 0.033377046 | BG13: 0.025181159 | BH13: 0.023285673 | BI13: 0.023063371 | BJ13: 0.022670025 | BK13: 0.024493499 | BL13: 0.025487874 | BM13: 0.033029305 | BN13: 0.030238241 | BO13: 0.036942924 | BP13: 0.033685373 | BQ13: 0.032415013 | BR13: 0.038038472 | BS13: 0.038588265 | BT13: 0.035741187 | BU13: 0.034125125 | BV13: 0.056875632 | BW13: 0.017983075 | BX13: 0.015421522 | BY13: 0.015780955 | BZ13: 0.01365982 | CA13: 0.025546094 | CB13: 0.0196793 | CC13: 0.033120126 | CD13: 0.02673913 | CE13: 0.024137437 | CF13: 0.025175049 | CG13: 0.020085301 | CH13: 0.022173298 | CI13: 0.021748893 | CJ13: 0.019429638 | CK13: 0.023244313 | CL13: 0.018962894 | CM13: 0.015778758 | CN13: 0.018015094 | CO13: 0.019153876 | CP13: 0.02460994 | CQ13: 0.030505823 | CR13: 0.027154441 | CS13: 0.021317829 | CT13: 0.021563929 | CU13: 0.02284264 | CV13: 0.020004939 | CW13: 0.014410642 | CX13: 0.02091402 | CY13: 0.023801311 | CZ13: 0.021866372 | DA13: 0.022200296
A14: Packing 5 | B14: 0.029255749 | C14: 0.014311906 | D14: 0.013816762 | E14: 0.01271974 | F14: 0.015584146 | G14: 0.017776152 | H14: 0.015284916 | I14: 0.013850619 | J14: 0.013908875 | K14: 0.014797924 | L14: 0.010867566 | M14: 0.010984401 | N14: 0.012843068 | O14: 0.012379182 | P14: 0.011797724 | Q14: 0.012427733 | R14: 0.012508003 | S14: 0.01317504 | T14: 0.01403752 | U14: 0.01671443 | V14: 0.017086479 | W14: 0.014170749 | X14: 0.0164976 | Y14: 0.014489146 | Z14: 0.015114785 | AA14: 0.017126979 | AB14: 0.013939329 | AC14: 0.014444764 | AD14: 0.014398998 | AE14: 0.018868573 | AF14: 0.016846992 | AG14: 0.021347624 | AH14: 0.022720496 | AI14: 0.021225964 | AJ14: 0.022069171 | AK14: 0.021501771 | AL14: 0.024691613 | AM14: 0.047485924 | AN14: 0.033886584 | AO14: 0.031199922 | AP14: 0.025293029 | AQ14: 0.01880525 | AR14: 0.025830258 | AS14: 0.018861014 | AT14: 0.021596483 | AU14: 0.020072579 | AV14: 0.021218716 | AW14: 0.018533702 | AX14: 0.020633475 | AY14: 0.018236031 | AZ14: 0.01060655 | BA14: 0.01005493 | BB14: 0.01087652 | BC14: 0.013001656 | BD14: 0.012940002 | BE14: 0.010764185 | BF14: 0.010107652 | BG14: 0.014203272 | BH14: 0.015404162 | BI14: 0.017187936 | BJ14: 0.013693552 | BK14: 0.011056201 | BL14: 0.012815752 | BM14: 0.012940034 | BN14: 0.015122072 | BO14: 0.014099352 | BP14: 0.01183754 | BQ14: 0.011082178 | BR14: 0.012819961 | BS14: 0.012494503 | BT14: 0.012483133 | BU14: 0.011182672 | BV14: 0.013485429 | BW14: 0.015475345 | BX14: 0.014307777 | BY14: 0.013372498 | BZ14: 0.014458946 | CA14: 0.014039161 | CB14: 0.015346582 | CC14: 0.013971885 | CD14: 0.012820849 | CE14: 0.011785374 | CF14: 0.012906083 | CG14: 0.014917977 | CH14: 0.012756632 | CI14: 0.010891207 | CJ14: 0.0092654469 | CK14: 0.010305101 | CL14: 0.010430308 | CM14: 0.011603376 | CN14: 0.010817308 | CO14: 0.010595754 | CP14: 0.008951124 | CQ14: 0.015979985 | CR14: 0.01139288 | CS14: 0.008580732 | CT14: 0.010019182 | CU14: 0.010081384 | CV14: 0.0083839583 | CW14: 0.0075457777 | CX14: 0.010047914 | CY14: 0.010070407 | CZ14: 0.0094301359 | DA14: 0.010768378
A16: LIQUIDO POR PACKING | B16: S01 | C16: S02 | D16: S03 | E16: S04 | F16: S05 | G16: S06 | H16: S07 | I16: S08 | J16: S09 | K16: S10 | L16: S11 | M16: S12 | N16: S13 | O16: S14 | P16: S15 | Q16: S16 | R16: S17 | S16: S18 | T16: S19 | U16: S20 | V16: S21 | W16: S22 | X16: S23 | Y16: S24 | Z16: S25 | AA16: S26 | AB16: S27 | AC16: S28 | AD16: S29 | AE16: S30 | AF16: S31 | AG16: S32 | AH16: S33 | AI16: S34 | AJ16: S35 | AK16: S36 | AL16: S37 | AM16: S38 | AN16: S39 | AO16: S40 | AP16: S41 | AQ16: S42 | AR16: S43 | AS16: S44 | AT16: S45 | AU16: S46 | AV16: S47 | AW16: S48 | AX16: S49 | AY16: S50 | AZ16: S51 | BA16: S52 | BB16: S01 | BC16: S02 | BD16: S03 | BE16: S04 | BF16: S05 | BG16: S06 | BH16: S07 | BI16: S08 | BJ16: S09 | BK16: S10 | BL16: S11 | BM16: S12 | BN16: S13 | BO16: S14 | BP16: S15 | BQ16: S16 | BR16: S17 | BS16: S18 | BT16: S19 | BU16: S20 | BV16: S21 | BW16: S22 | BX16: S23 | BY16: S24 | BZ16: S25 | CA16: =+CA9 -> S26 | CB16: =+CB9 -> S27 | CC16: =+CC9 -> S28 | CD16: =+CD9 -> S29 | CE16: =+CE9 -> S30 | CF16: =+CF9 -> S31 | CG16: =+CG9 -> S32 | CH16: =+CH9 -> S33 | ... DA16: =+DA9 -> S52
A17: Packing 1 Color | B17: 0.011387111 | C17: 0.010931894 | D17: 0.012548946 | E17: 0.0079899024 | F17: 0.0064121247 | G17: 0.0033887656 | H17: 0.0079263931 | I17: 0.009009009 | J17: 0.011718141 | K17: 0.0079610746 | L17: 0.0096438002 | M17: 0.0072436441 | N17: 0.0086235623 | O17: 0.0075745839 | P17: 0.0073685206 | Q17: 0.0061597891 | R17: 0.0063403563 | S17: 0.0050218475 | T17: 0.0081061353 | U17: 0.0098208283 | V17: 0.010467392 | W17: 0.0046503847 | X17: 0.0059422125 | Y17: 0.01147853 | Z17: 0.0078405269 | AA17: 0.0073460238 | AB17: 0.0074383423 | AC17: 0.0098289909 | AD17: 0.0074829932 | AE17: 0.008875203 | AF17: 0.0094183404 | AG17: 0.0097278771 | AH17: 0.0089565664 | AI17: 0.0075011306 | AJ17: 0.010570799 | AK17: 0.011330834 | AL17: 0.0051546392 | AM17: 0.0032772128 | AN17: 0.0095957169 | AO17: 0.0078427315 | AP17: 0.0057987176 | AQ17: 0.012553584 | AR17: 0.016462422 | AS17: 0.015321127 | AT17: 0.007092405 | AU17: 0.0083604358 | AV17: 0.0096480461 | AW17: 0.015002746 | AX17: 0.013705481 | AY17: 0.0091264102 | AZ17: 0.010577753 | BA17: 0.017569706 | BB17: 0.012053975 | BC17: 0.011781616 | BD17: 0.015851402 | BE17: 0.016958917 | BF17: 0.014215951 | BG17: 0.014895356 | BH17: 0.015531557 | BI17: 0.015934409 | BJ17: 0.021906687 | BK17: 0.017493895 | BL17: 0.026884677 | BM17: 0.026774407 | BN17: 0.014637773 | BO17: 0.018324773 | BP17: 0.0090744199 | BQ17: 0.038668555 | BR17: 0.011569111 | BS17: 0.014666923 | BT17: 0.012196764 | BU17: 0.013098944 | BV17: 0.016497729 | BW17: 0.013345492 | BX17: 0.012693683 | BY17: 0.008281737 | BZ17: 0.016374973 | CA17: 0.017986795 | CB17: 0.013462112 | CC17: 0.015807494 | CD17: 0.016279841 | CE17: 0.013583243 | CF17: 0.013923019 | CG17: 0.014146096 | CH17: 0.012773948 | CI17: 0.014651562 | CJ17: 0.022351667 | CK17: 0.01146789 | CL17: 0.012340907 | CM17: 0.010639687 | CN17: 0.016154643 | CO17: 0.017758229 | CP17: 0.013592333 | CQ17: 0.0079396996 | CR17: 0.018205985 | CS17: 0.011328492 | CT17: 0.012937434 | CU17: 0.0086830721 | CV17: 0.015747543 | CW17: 0.01311604 | CX17: 0.01245793 | CY17: 0.015376321 | CZ17: 0.011818584 | DA17: 0.010048376
A18: Packing 1 Blanco | B18: 0.015018245 | C18: 0.0092582739 | D18: 0.015821161 | E18: 0.012942357 | F18: 0.016898676 | G18: 0.01488 | H18: 0.020467788 | I18: 0.021812464 | J18: 0.022548506 | K18: 0.030150051 | L18: 0.030260826 | M18: 0.017345983 | N18: 0.037024167 | O18: 0.023366477 | P18: 0.01905703 | Q18: 0.037367406 | R18: 0.029380181 | S18: 0.03330891 | T18: 0.050328039 | U18: 0.07872814 | V18: 0.031168283 | W18: 0.0076092545 | X18: 0.007520968 | Y18: 0.0032555072 | Z18: 0.0045215204 | AA18: 0.0045987934 | AB18: 0.0054913657 | AC18: 0.0094513146 | AD18: 0.0096110674 | AE18: 0.0090315996 | AF18: 0.011124252 | AG18: 0.0094436558 | AH18: 0.0091383429 | AI18: 0.0089797488 | AJ18: 0.0087147628 | AK18: 0.012282487 | AL18: 0.015063418 | AM18: 0.0038994121 | AN18: 0.0044366253 | AO18: 0.0075489514 | AP18: 0.0052646573 | AQ18: 0.0065943137 | AR18: 0.0067086936 | AS18: 0.0043955665 | AT18: 0.0054788961 | AU18: 0.0064286019 | AV18: 0.0032198031 | AW18: 0.0068069178 | AX18: 0.0081568526 | AY18: 0.0068721168 | AZ18: 0.0086638692 | BA18: 0.0055946275 | BB18: 0.0078205189 | BC18: 0.0026181659 | BD18: 0.0021211523 | BE18: 0.0018574414 | BF18: 0.0017609016 | BG18: 0 | BH18: 0.0011956274 | BI18: 0.0005702067 | BJ18: 0.00057134695 | BK18: 0.00060362173 | BL18: 0.00038365624 | BM18: 0 | BN18: 0.00043635457 | BO18: 0.00025025025 | BP18: 0.00078021846 | BQ18: 0 | BR18: 0 | BS18: 0.0031451916 | BT18: 0.0018764241 | BU18: 0.0016359918 | BV18: 0.0018245512 | BW18: 0.0006443299 | BX18: 0.0019060138 | BY18: 0.0031437944 | BZ18: 0.0011128886 | CA18: 0.0044736842 | CB18: 0.0031406065 | CC18: 0.00079617834 | CD18: 0.0017509302 | CE18: 0.0027213732 | CF18: 0.00075994258 | CG18: 0.001856691 | CH18: 0.00086824398 | CI18: 0.0016240357 | CJ18: 0.0021837349 | CK18: 0.002245569 | CL18: 0.0063340687 | CM18: 0.025575448 | CN18: 0 | CO18: 0 | CP18: 0.005859375 | CQ18: 0.0074771531 | CR18: 0.004330796 | CS18: 0.0054713805 | CT18: 0.005196946 | CU18: 0.003418858 | CV18: 0.0029777035 | CW18: 0.003483717 | CX18: 0.0055625273 | CY18: 0.0042102376 | CZ18: 0.0057831463 | DA18: 0.0060929243
A19: Packing 3 | B19: 0.003790948 | C19: 0.0038117188 | D19: 0.0034839925 | E19: 0.0024604569 | F19: 0.0022316275 | G19: 0.0023974527 | H19: 0.0025644441 | I19: 0.0029395554 | J19: 0.00273919 | K19: 0.0033066049 | L19: 0.0034532206 | M19: 0.0035473572 | N19: 0.002990289 | O19: 0.0034648991 | P19: 0.0037520543 | Q19: 0.00380038 | R19: 0.0042186798 | S19: 0.0040583838 | T19: 0.0034646569 | U19: 0.0040274014 | V19: 0.0036259065 | W19: 0.0034444196 | X19: 0.0025962787 | Y19: 0.002135797 | Z19: 0.0028673126 | AA19: 0.0029896099 | AB19: 0.0033512064 | AC19: 0.0027908974 | AD19: 0.0031019482 | AE19: 0.0026004657 | AF19: 0.0027665461 | AG19: 0.0023749835 | AH19: 0.0021832228 | AI19: 0.0020648714 | AJ19: 0.0019455253 | AK19: 0.0018693279 | AL19: 0.0020688752 | AM19: 0.0018889818 | AN19: 0.0018254934 | AO19: 0.0018548029 | AP19: 0.0020256403 | AQ19: 0.0023705519 | AR19: 0.0022890237 | AS19: 0.00094301984 | AT19: 0.0016372628 | AU19: 0.0017281106 | AV19: 0.00037063435 | AW19: 0.00095034039 | AX19: 0.00072393822 | AY19: 0.00065710218 | AZ19: 0.00068029525 | BA19: 0.00082781457 | BB19: 0.00097867671 | BC19: 0.0026181659 | BD19: 0.0012939002 | BE19: 0.0012774655 | BF19: 0.001288974 | BG19: 0.0011210762 | BH19: 0.0013385938 | BI19: 0.0005702067 | BJ19: 0.0015567664 | BK19: 0.0015562725 | BL19: 0.0011971132 | BM19: 0.0018626055 | BN19: 0.0017896928 | BO19: 0.0016169669 | BP19: 0.0017421603 | BQ19: 0.0017146643 | BR19: 0.0017976794 | BS19: 0.0018097208 | BT19: 0.0016569728 | BU19: 0.0018157856 | BV19: 0.0015118469 | BW19: 0.0016585897 | BX19: 0.0009706853 | BY19: 0.0010364956 | BZ19: 0.0011247595 | CA19: 0.00098722971 | CB19: 0.0012280597 | CC19: 0.0010166907 | CD19: 0.0011492848 | CE19: 0.0011417969 | CF19: 0.0010342129 | CG19: 0.00080847505 | CH19: 0.0011357655 | CI19: 0.000623372 | CJ19: 0.0013779129 | CK19: 0.0021349189 | CL19: 0.0037164152 | CM19: 0.0049225393 | CN19: 0.0049155533 | CO19: 0.0036844174 | CP19: 0.0035208497 | CQ19: 0.0038078327 | CR19: 0.0034615143 | CS19: 0.0047318938 | CT19: 0.0053585307 | CU19: 0.0043874655 | CV19: 0.0051160722 | CW19: 0.0047458633 | CX19: 0.0043481795 | CY19: 0.0043730296 | CZ19: 0.0056131174 | DA19: 0.0044165896
A20: Packing 4 | B20: 0.0035312293 | C20: 0.0036316776 | D20: 0.0037103431 | E20: 0.0031502678 | F20: 0.0038158643 | G20: 0.0036635514 | H20: 0.0024061055 | I20: 0.00241092 | J20: 0.0025355025 | K20: 0.0033950279 | L20: 0.0035080026 | M20: 0.0040396193 | N20: 0.0037975696 | O20: 0.0037623988 | P20: 0.0044144981 | Q20: 0.0048972766 | R20: 0.0055542909 | S20: 0.004431879 | T20: 0.0060995636 | U20: 0.0059568938 | V20: 0.0063214409 | W20: 0.0062733744 | X20: 0.0054158607 | Y20: 0.004112719 | Z20: 0.0017413329 | AA20: 0.0017619593 | AB20: 0.0022082918 | AC20: 0.0032003658 | AD20: 0.0030694913 | AE20: 0.0027392085 | AF20: 0.0041232543 | AG20: 0.0036447084 | AH20: 0.0046735095 | AI20: 0.0049136664 | AJ20: 0.005601318 | AK20: 0.0062880913 | AL20: 0.0067778745 | AM20: 0.0078213529 | AN20: 0.0089470254 | AO20: 0.0082440231 | AP20: 0.0082017951 | AQ20: 0.0076619003 | AR20: 0.0078442766 | AS20: 0.0090421969 | AT20: 0.007992008 | AU20: 0.0080920698 | AV20: 0.0076 | AW20: 0.0088835924 | AX20: 0.0081556806 | AY20: 0.0082810692 | AZ20: 0.0070791448 | BA20: 0.005497719 | BB20: 0.005089294 | BC20: 0.0042767535 | BD20: 0.0045736946 | BE20: 0.0060945149 | BF20: 0.006430052 | BG20: 0.0023550725 | BH20: 0.0046688065 | BI20: 0.0036837328 | BJ20: 0.0042142996 | BK20: 0.0052414071 | BL20: 0.0063333505 | BM20: 0.0055588537 | BN20: 0.0070250458 | BO20: 0.0080140735 | BP20: 0.0075930144 | BQ20: 0.0065082775 | BR20: 0.0066106746 | BS20: 0.0079204157 | BT20: 0.007128151 | BU20: 0.0073603212 | BV20: 0.0053926525 | BW20: 0.0032910202 | BX20: 0.0037697053 | BY20: 0.006204478 | BZ20: 0.0061722149 | CA20: 0.0043193879 | CB20: 0.0019436346 | CC20: 0.0074476474 | CD20: 0.0064492754 | CE20: 0.0057265569 | CF20: 0.0059864236 | CG20: 0.0058520135 | CH20: 0.0064475546 | CI20: 0.0068646949 | CJ20: 0.0071428571 | CK20: 0.0075832509 | CL20: 0.01147138 | CM20: 0.0088225314 | CN20: 0.0073845654 | CO20: 0.0077711853 | CP20: 0.0070773685 | CQ20: 0.0089518512 | CR20: 0.011408637 | CS20: 0.003875969 | CT20: 0.0054454367 | CU20: 0.0058485985 | CV20: 0.0060508768 | CW20: 0.0049267151 | CX20: 0.0064180591 | CY20: 0.0072438772 | CZ20: 0.0080618443 | DA20: 0.0094967933
A21: Packing 5 | B21: 0.0047223211 | C21: 0.0042842176 | D21: 0.0047951177 | E21: 0.0046077596 | F21: 0.004900348 | G21: 0.0050658376 | H21: 0.0044692737 | I21: 0.0045142757 | J21: 0.0049105686 | K21: 0.0044774239 | L21: 0.0041945923 | M21: 0.003680537 | N21: 0.0036945813 | O21: 0.0036988848 | P21: 0.0035964573 | Q21: 0.004006009 | R21: 0.0035759459 | S21: 0.0035712562 | T21: 0.0037693341 | U21: 0.0037143177 | V21: 0.0038268929 | W21: 0.0038011324 | X21: 0.0037127367 | Y21: 0.0034853615 | Z21: 0.0035194813 | AA21: 0.00067362748 | AB21: 0.0038453322 | AC21: 0.0043756652 | AD21: 0.0040692821 | AE21: 0.0041930162 | AF21: 0.0043427801 | AG21: 0.0046209259 | AH21: 0.0042340032 | AI21: 0.00441942 | AJ21: 0.0045844172 | AK21: 0.0046943437 | AL21: 0.0044762573 | AM21: 0.0074024491 | AN21: 0.0063393269 | AO21: 0.008372306 | AP21: 0.006991569 | AQ21: 0.0048486472 | AR21: 0.0035533689 | AS21: 0.0035402551 | AT21: 0.0033764414 | AU21: 0.003402132 | AV21: 0.0036271309 | AW21: 0.0054723997 | AX21: 0.0059835453 | AY21: 0.0031464154 | AZ21: 0.0036115494 | BA21: 0.0027185551 | BB21: 0.0027191299 | BC21: 0.0022021775 | BD21: 0.002858641 | BE21: 0.0028450791 | BF21: 0.0030928135 | BG21: 0.0042397688 | BH21: 0.0032365056 | BI21: 0.0030185948 | BJ21: 0.0034984567 | BK21: 0.0036131118 | BL21: 0.0042299549 | BM21: 0.0040132087 | BN21: 0.0031420009 | BO21: 0.0033842299 | BP21: 0.0039905572 | BQ21: 0.0036701453 | BR21: 0.0045192515 | BS21: 0.005046618 | BT21: 0.0059658501 | BU21: 0.0057561646 | BV21: 0.0064509008 | BW21: 0.005169726 | BX21: 0.005193007 | BY21: 0.0045422156 | BZ21: 0.0041307078 | CA21: 0.0043057308 | CB21: 0.0052930779 | CC21: 0.0047243849 | CD21: 0.0051182993 | CE21: 0.0050685206 | CF21: 0.0067959886 | CG21: 0.0045893956 | CH21: 0.0050221075 | CI21: 0.0029189347 | CJ21: 0.0024202142 | CK21: 0.0023076381 | CL21: 0.0052750982 | CM21: 0.0055672761 | CN21: 0.0052712912 | CO21: 0.0052885334 | CP21: 0.0044834554 | CQ21: 0.0053064848 | CR21: 0.0053277061 | CS21: 0.0041140972 | CT21: 0.0044529698 | CU21: 0.0047163401 | CV21: 0.0038667562 | CW21: 0.0041417935 | CX21: 0.0044037152 | CY21: 0.0041314489 | CZ21: 0.0039376732 | DA21: 0.004216885
A25: SUCIO POR SECTOR | B25: =+B2 -> S01 | C25: =+C2 -> S02 | D25: =+D2 -> S03 | E25: =+E2 -> S04 | F25: =+F2 -> S05 | G25: =+G2 -> S06 | H25: =+H2 -> S07 | I25: =+I2 -> S08 | ... BA25: =+BA2 -> S52 | BB25: 1 | BC25: 2 | BD25: 3 | BE25: 4 | BF25: 5 | BG25: 6 | BH25: 7 | BI25: 8 | BJ25: 9 | BK25: 10 | BL25: 11 | BM25: 12 | BN25: 13 | BO25: 14 | BP25: 15 | BQ25: 16 | BR25: 17 | BS25: 18 | BT25: 19 | BU25: 20 | BV25: 21 | BW25: 22 | BX25: 23 | BY25: 24 | BZ25: 25 | CA25: 26 | CB25: 27 | CC25: 28 | CD25: 29 | CE25: 30 | CF25: 31 | CG25: 32 | CH25: 33 | CI25: 34 | CJ25: 35 | CK25: 36 | CL25: 37 | CM25: 38 | CN25: 39 | CO25: 40 | CP25: 41 | CQ25: 42 | CR25: 43 | CS25: 44 | CT25: 45 | CU25: 46 | CV25: 47 | CW25: 48 | CX25: 49 | CY25: 50 | CZ25: 51 | DA25: 52
A26: CA3A | B26: 0.033376912 | C26: 0.038995502 | D26: 0.03782235 | E26: 0 | F26: 0 | G26: 0 | H26: 0 | I26: 0 | J26: 0.02826087 | K26: 0.17391304 | L26: 0.029948586 | M26: 0.019383533 | N26: 0.030925804 | O26: 0.042051894 | P26: 0.019213483 | Q26: 0.034364588 | R26: 0.020109864 | S26: 0.029520295 | T26: 0.031945271 | U26: 0.030650051 | V26: 0.053846154 | W26: 0.036385973 | X26: 0.01845805 | Y26: 0.01845805 | Z26: 0.019022783 | AA26: 0.020320448 | AB26: 0.022906091 | AC26: 0.019221509 | AD26: 0.016375345 | AE26: 0.031114612 | AF26: 0.016680887 | AG26: 0.034232026 | AH26: 0.019452736 | AI26: 0.016864045 | AJ26: 0.035970745 | AK26: 0.02521354 | AL26: 0.022795497 | AM26: 0.027857936 | AN26: 0.026036364 | AO26: 0.031598107 | AP26: 0.025175083 | AQ26: 0.022171946 | AR26: 0.025125363 | AS26: 0.038560411 | AT26: 0.037918041 | AU26: 0.029844173 | AV26: 0.027054981 | AW26: 0.035179283 | AX26: 0.048673698 | AY26: 0.036886465 | AZ26: 0.037402344 | BA26: 0.028457799 | BB26: 0.024481152 | BC26: 0.038063635 | BD26: 0.029862244 | BE26: 0.028267183 | BF26: 0.033096447 | BG26: 0.038095238 | BH26: 0.028917197 | BI26: 0.046396081 | BJ26: 0.03065799 | BK26: 0 | BL26: 0 | BM26: 0 | BN26: 0.049138713 | BO26: 0.039652677 | BP26: 0.039696439 | BQ26: 0.02739408 | BR26: 0.031515152 | BS26: 0.027754862 | BT26: =+VLOOKUP(CONCATENATE($A26,BT$25),Datos!$B:$AV,42,FALSE) -> 0.02599492 | BU26: =+VLOOKUP(CONCATENATE($A26,BU$25),Datos!$B:$AV,42,FALSE) -> 0.027424094 | BV26: =+VLOOKUP(CONCATENATE($A26,BV$25),Datos!$B:$AV,42,FALSE) -> 0.030687204 | BW26: =+VLOOKUP(CONCATENATE($A26,BW$25),Datos!$B:$AV,42,FALSE) -> 0.025044092 | BX26: =+VLOOKUP(CONCATENATE($A26,BX$25),Datos!$B:$AV,42,FALSE) -> 0.057340242 | BY26: =+VLOOKUP(CONCATENATE($A26,BY$25),Datos!$B:$AV,42,FALSE) -> 0.021561917 | BZ26: =+VLOOKUP(CONCATENATE($A26,BZ$25),Datos!$B:$AV,42,FALSE) -> 0.045856296 | CA26: =+VLOOKUP(CONCATENATE($A26,CA$25),Datos!$B:$AV,42,FALSE) -> 0.042589532 | ... CD26: =+VLOOKUP(CONCATENATE($A26,CD$25),Datos!$B:$AV,42,FALSE) -> 0.029253112 | CE26: =IFERROR(VLOOKUP(CONCATENATE($A26,CE$25),Datos!$B:$AV,42,FALSE),"0") -> 0.031699478 | CF26: =IFERROR(VLOOKUP(CONCATENATE($A26,CF$25),Datos!$B:$AV,42,FALSE),"0") -> 0.040053405 | CG26: =IFERROR(VLOOKUP(CONCATENATE($A26,CG$25),Datos!$B:$AV,42,FALSE),"0") -> 0.029228437 | CH26: =IFERROR(VLOOKUP(CONCATENATE($A26,CH$25),Datos!$B:$AV,42,FALSE),"0") -> 0.033483399 | CI26: =IFERROR(VLOOKUP(CONCATENATE($A26,CI$25),Datos!$B:$AV,42,FALSE),"0") -> 0.03621118 | CJ26: =IFERROR(VLOOKUP(CONCATENATE($A26,CJ$25),Datos!$B:$AV,42,FALSE),"0") -> 0.0291834 | CK26: =IFERROR(VLOOKUP(CONCATENATE($A26,CK$25),Datos!$B:$AV,42,FALSE),"0") -> 0.036029412 | CL26: =IFERROR(VLOOKUP(CONCATENATE($A26,CL$25),Datos!$B:$AV,42,FALSE),"0") -> 0.031538788 | ... DA26: =IFERROR(VLOOKUP(CONCATENATE($A26,DA$25),Datos!$B:$AV,42,FALSE),"0") -> 0.063490099
A27: CA3BB | J27: 0 | K27: 0 | L27: 0 | M27: 0 | N27: 0 | O27: 0 | P27: 0 | Q27: 0 | R27: 0 | S27: 0 | T27: 0 | U27: 0 | V27: 0 | W27: 0 | X27: 0 | Y27: 0 | Z27: 0 | AA27: 0 | AB27: 0 | AC27: 0 | AD27: 0 | AE27: 0 | AF27: 0 | AG27: 0 | AH27: 0 | AI27: 0 | AJ27: 0 | AK27: 0 | AL27: 0 | AM27: 0 | AN27: 0 | AO27: 0 | AP27: 0 | AQ27: 0 | AR27: 0 | AS27: 0 | AT27: 0 | AU27: 0 | AV27: 0 | AW27: 0 | AX27: 0 | AY27: 0 | AZ27: 0 | BA27: 0.050805485 | BB27: 0.035075188 | BC27: 0.064448142 | BD27: 0.038253012 | BE27: 0.063013699 | BF27: 0.032357302 | BG27: 0.037974684 | BH27: 0.094890511 | BI27: 0.045454545 | BJ27: 0.057267951 | BK27: 0 | BL27: 0 | BM27: 0 | BN27: 0.66666667 | BO27: 0.044031311 | BP27: 0.047522564 | BQ27: 0.031916039 | BR27: 0.052039891 | BS27: 0.044637947 | BT27: =+VLOOKUP(CONCATENATE($A27,BT$25),Datos!$B:$AV,42,FALSE) -> 0.046369899 | BU27: =+VLOOKUP(CONCATENATE($A27,BU$25),Datos!$B:$AV,42,FALSE) -> 0.044187146 | BV27: =+VLOOKUP(CONCATENATE($A27,BV$25),Datos!$B:$AV,42,FALSE) -> 0.037080366 | BW27: =+VLOOKUP(CONCATENATE($A27,BW$25),Datos!$B:$AV,42,FALSE) -> 0.065744275 | BX27: =+VLOOKUP(CONCATENATE($A27,BX$25),Datos!$B:$AV,42,FALSE) -> 0.049641148 | BY27: =+VLOOKUP(CONCATENATE($A27,BY$25),Datos!$B:$AV,42,FALSE) -> 0.044194585 | BZ27: =+VLOOKUP(CONCATENATE($A27,BZ$25),Datos!$B:$AV,42,FALSE) -> 0.07368712 | CA27: =+VLOOKUP(CONCATENATE($A27,CA$25),Datos!$B:$AV,42,FALSE) -> 0.064493997 | ... CD27: =+VLOOKUP(CONCATENATE($A27,CD$25),Datos!$B:$AV,42,FALSE) -> 0.19083969 | CE27: =IFERROR(VLOOKUP(CONCATENATE($A27,CE$25),Datos!$B:$AV,42,FALSE),"0") -> 0.050447946 | CF27: =IFERROR(VLOOKUP(CONCATENATE($A27,CF$25),Datos!$B:$AV,42,FALSE),"0") -> 0.066263441 | CG27: =IFERROR(VLOOKUP(CONCATENATE($A27,CG$25),Datos!$B:$AV,42,FALSE),"0") -> 0.053035879 | CH27: =IFERROR(VLOOKUP(CONCATENATE($A27,CH$25),Datos!$B:$AV,42,FALSE),"0") -> 0.050434385 | CI27: =IFERROR(VLOOKUP(CONCATENATE($A27,CI$25),Datos!$B:$AV,42,FALSE),"0") -> 0.052672247 | CJ27: =IFERROR(VLOOKUP(CONCATENATE($A27,CJ$25),Datos!$B:$AV,42,FALSE),"0") -> 0.061651917 | CK27: =IFERROR(VLOOKUP(CONCATENATE($A27,CK$25),Datos!$B:$AV,42,FALSE),"0") -> 0.055588763 | CL27: =IFERROR(VLOOKUP(CONCATENATE($A27,CL$25),Datos!$B:$AV,42,FALSE),"0") -> 0.050336283 | ... DA27: =IFERROR(VLOOKUP(CONCATENATE($A27,DA$25),Datos!$B:$AV,42,FALSE),"0") -> 0.067700987
A28: CA3B | B28: 0.036764706 | C28: 0.067367823 | D28: 0.059787928 | E28: 0 | F28: 0 | G28: 0 | H28: 0 | I28: 0 | J28: 0.097472924 | K28: 0.53846154 | L28: 0.088225539 | M28: 0.15844278 | N28: 0.16110928 | O28: 0.12504762 | P28: 0.17526882 | Q28: 0.25517045 | R28: 0.12952002 | S28: 0.09841629 | T28: 0.085227598 | U28: 0.13011829 | V28: 0.14727213 | W28: 0.14382639 | X28: 0.039631942 | Y28: 0.039631942 | Z28: 0.06030303 | AA28: 0.06656558 | AB28: 0.071173763 | AC28: 0.092876864 | AD28: 0.084762939 | AE28: 0.062540576 | AF28: 0.064095655 | AG28: 0.079457917 | AH28: 0.066303978 | AI28: 0.083260827 | AJ28: 0.075121556 | AK28: 0.081742287 | AL28: 0.0758967 | AM28: 0.042219774 | AN28: 0.079626828 | AO28: 0.058251953 | AP28: 0.05832636 | AQ28: 0.037688917 | AR28: 0.040482234 | AS28: 0.08125 | AT28: 0.051184646 | AU28: 0.052229299 | AV28: 0.051914894 | AW28: 0.069995601 | AX28: 0.078325123 | AY28: 0.064137931 | AZ28: 0.038561151 | BA28: 0.42857143 | BB28: 0.047244094 | BC28: 0.072142857 | BD28: 0.048421053 | BE28: 0.020735981 | BF28: 0.056277056 | BG28: 0.032505643 | BH28: 0.037469685 | BI28: 0.054015402 | BJ28: 0.025316456 | BK28: 0 | BL28: 0 | BM28: 0 | BN28: 0.075248655 | BO28: 0.061728395 | BP28: 0.034482759 | BQ28: 0.016042781 | BR28: 0.031034483 | BS28: 0.075757576 | BT28: =+VLOOKUP(CONCATENATE($A28,BT$25),Datos!$B:$AV,42,FALSE) -> 0.03248731 | BU28: =+VLOOKUP(CONCATENATE($A28,BU$25),Datos!$B:$AV,42,FALSE) -> 0.023529412 | BV28: =+VLOOKUP(CONCATENATE($A28,BV$25),Datos!$B:$AV,42,FALSE) -> 0.025742574 | BW28: =+VLOOKUP(CONCATENATE($A28,BW$25),Datos!$B:$AV,42,FALSE) -> 0.043478261 | BX28: =+VLOOKUP(CONCATENATE($A28,BX$25),Datos!$B:$AV,42,FALSE) -> 0.33333333 | BY28: =+VLOOKUP(CONCATENATE($A28,BY$25),Datos!$B:$AV,42,FALSE) -> 0 | CA28: =+VLOOKUP(CONCATENATE($A28,CA$25),Datos!$B:$AV,42,FALSE) -> 0.26666667 | CD28: =+VLOOKUP(CONCATENATE($A28,CD$25),Datos!$B:$AV,42,FALSE) -> 0.5 | CE28: =IFERROR(VLOOKUP(CONCATENATE($A28,CE$25),Datos!$B:$AV,42,FALSE),"0") -> 0 | CF28: =IFERROR(VLOOKUP(CONCATENATE($A28,CF$25),Datos!$B:$AV,42,FALSE),"0") -> 0 | CG28: =IFERROR(VLOOKUP(CONCATENATE($A28,CG$25),Datos!$B:$AV,42,FALSE),"0") -> 0 | CH28: =IFERROR(VLOOKUP(CONCATENATE($A28,CH$25),Datos!$B:$AV,42,FALSE),"0") -> 0 | CI28: =IFERROR(VLOOKUP(CONCATENATE($A28,CI$25),Datos!$B:$AV,42,FALSE),"0") -> 0.26315789 | CJ28: =IFERROR(VLOOKUP(CONCATENATE($A28,CJ$25),Datos!$B:$AV,42,FALSE),"0") -> 0.052307692 | CK28: =IFERROR(VLOOKUP(CONCATENATE($A28,CK$25),Datos!$B:$AV,42,FALSE),"0") -> 0.035658915 | CL28: =IFERROR(VLOOKUP(CONCATENATE($A28,CL$25),Datos!$B:$AV,42,FALSE),"0") -> 0.34285714 | ... DA28: =IFERROR(VLOOKUP(CONCATENATE($A28,DA$25),Datos!$B:$AV,42,FALSE),"0") -> 0
A29: CAP1A | B29: 0.02184265 | C29: 0.04017094 | D29: 0.072106825 | E29: 0.042446941 | F29: 0.057066381 | G29: 0.048510638 | H29: 0.046380885 | I29: 0.063659148 | J29: 0.056363636 | K29: 0.11013333 | L29: 0.064864865 | M29: 0.043943413 | N29: 0.078404669 | O29: 0.058918483 | P29: 0.065813953 | Q29: 0.099045346 | R29: 0.10462046 | S29: 0.1430575 | T29: 0.071428571 | U29: 0 | V29: 0 | W29: 0 | X29: 0 | Y29: 0.10690122 | Z29: 0.38378049 | AA29: 0.15987934 | AB29: 0.12182491 | AC29: 0.125 | AD29: 0.098697917 | AE29: 0.13484848 | AF29: 0.093850267 | AG29: 0.18187221 | AH29: 0.18287671 | AI29: 0.094281298 | AJ29: 0.13311346 | AK29: 0.08499336 | AL29: 0.082931034 | AM29: 0.065133172 | AN29: 0.24531873 | AO29: 0.10993304 | AP29: 0.071551724 | AQ29: 0.044166667 | AR29: 0 | AS29: 0 | AT29: 0 | AU29: 0 | AV29: 0 | AW29: 0.095238095 | AX29: 0.11708861 | AY29: 0.070528967 | AZ29: 0.086262925 | BA29: 0.051048218 | BB29: 0.057317073 | BC29: 0.086956522 | BD29: 0.064057971 | BE29: 0.045945946 | BF29: 0.024733269 | BG29: 0.03909465 | BH29: 0.04312115 | BI29: 0.021288515 | BJ29: 0.040629096 | BK29: 0.038376384 | BL29: 0.037914692 | BM29: 0.038042381 | BN29: 0.02433372 | BO29: 0.034444444 | BP29: 0.041487603 | BQ29: 0.021627188 | BR29: 0.030643514 | BS29: 0.057210777 | BT29: =+VLOOKUP(CONCATENATE($A29,BT$25),Datos!$B:$AV,42,FALSE) -> 0.024375473 | BU29: =+VLOOKUP(CONCATENATE($A29,BU$25),Datos!$B:$AV,42,FALSE) -> 0.023612751 | BV29: =+VLOOKUP(CONCATENATE($A29,BV$25),Datos!$B:$AV,42,FALSE) -> 0.02908805 | BW29: =+VLOOKUP(CONCATENATE($A29,BW$25),Datos!$B:$AV,42,FALSE) -> 0.023896382 | BX29: =+VLOOKUP(CONCATENATE($A29,BX$25),Datos!$B:$AV,42,FALSE) -> 0.02732049 | BY29: =+VLOOKUP(CONCATENATE($A29,BY$25),Datos!$B:$AV,42,FALSE) -> 0.045152603 | BZ29: =+VLOOKUP(CONCATENATE($A29,BZ$25),Datos!$B:$AV,42,FALSE) -> 0.053061224 | CA29: =+VLOOKUP(CONCATENATE($A29,CA$25),Datos!$B:$AV,42,FALSE) -> 0.038 | ... CD29: =+VLOOKUP(CONCATENATE($A29,CD$25),Datos!$B:$AV,42,FALSE) -> 0.031388661 | CE29: =IFERROR(VLOOKUP(CONCATENATE($A29,CE$25),Datos!$B:$AV,42,FALSE),"0") -> 0.036351792 | CF29: =IFERROR(VLOOKUP(CONCATENATE($A29,CF$25),Datos!$B:$AV,42,FALSE),"0") -> 0.038314176 | CG29: =IFERROR(VLOOKUP(CONCATENATE($A29,CG$25),Datos!$B:$AV,42,FALSE),"0") -> 0.043530351 | CH29: =IFERROR(VLOOKUP(CONCATENATE($A29,CH$25),Datos!$B:$AV,42,FALSE),"0") -> 0.05663312 | CI29: =IFERROR(VLOOKUP(CONCATENATE($A29,CI$25),Datos!$B:$AV,42,FALSE),"0") -> 0.057634902 | CJ29: =IFERROR(VLOOKUP(CONCATENATE($A29,CJ$25),Datos!$B:$AV,42,FALSE),"0") -> 0.070474138 | CK29: =IFERROR(VLOOKUP(CONCATENATE($A29,CK$25),Datos!$B:$AV,42,FALSE),"0") -> 0.056075949 | CL29: =IFERROR(VLOOKUP(CONCATENATE($A29,CL$25),Datos!$B:$AV,42,FALSE),"0") -> 0.034167469 | ... DA29: =IFERROR(VLOOKUP(CONCATENATE($A29,DA$25),Datos!$B:$AV,42,FALSE),"0") -> 0
A30: CAP1B | B30: 0.08 | C30: 0.08 | D30: 0.08 | E30: 0 | F30: 0 | G30: 0 | H30: 0 | I30: 0 | J30: 0.31707317 | K30: 0.87878788 | L30: 0.081272085 | M30: 0.062688615 | N30: 0.05942029 | O30: 0.052365006 | P30: 0.026001252 | Q30: 0.071913161 | R30: 0.084639498 | S30: 0.060930233 | T30: 0.071791153 | U30: 0.12565789 | V30: 0.10351406 | W30: 0.050411862 | X30: 0.032258065 | Y30: 0.032258065 | Z30: 0.067860697 | AA30: 0.088377724 | AB30: 0.064910859 | AC30: 0.043772455 | AD30: 0.056590909 | AE30: 0.071351351 | AF30: 0.057840617 | AG30: 0.063863636 | AH30: 0.037790698 | AI30: 0.033990536 | AJ30: 0.042695357 | AK30: 0.061557789 | AL30: 0.049275362 | AM30: 0.028235294 | AN30: 0.046611177 | AO30: 0.076448829 | AP30: 0.027272727 | AQ30: 0.041450777 | AR30: 0.039655172 | AS30: 0.047285464 | AT30: 0.057487437 | AU30: 0.050728863 | AV30: 0.031609195 | AW30: 0.060419236 | AX30: 0.037558685 | AY30: 0.044756029 | AZ30: 0.037474747 | BA30: 0.021929164 | BB30: 0.033962264 | BC30: 0.033306122 | BD30: 0.051505017 | BE30: 0.040160643 | BF30: 0.023886256 | BG30: 0.034773446 | BH30: 0.0098039216 | BI30: 0 | BJ30: 0 | BK30: 0 | BL30: 0 | BM30: 0 | BN30: 0 | BO30: 0.051826678 | BP30: 0.060827251 | BQ30: 0.023673036 | BR30: 0.055009823 | BS30: 0.038702461 | BT30: =+VLOOKUP(CONCATENATE($A30,BT$25),Datos!$B:$AV,42,FALSE) -> 0.030193662 | BU30: =+VLOOKUP(CONCATENATE($A30,BU$25),Datos!$B:$AV,42,FALSE) -> 0.035509737 | BV30: =+VLOOKUP(CONCATENATE($A30,BV$25),Datos!$B:$AV,42,FALSE) -> 0.039537126 | BW30: =+VLOOKUP(CONCATENATE($A30,BW$25),Datos!$B:$AV,42,FALSE) -> 0.038426626 | BX30: =+VLOOKUP(CONCATENATE($A30,BX$25),Datos!$B:$AV,42,FALSE) -> 0.051071026 | BY30: =+VLOOKUP(CONCATENATE($A30,BY$25),Datos!$B:$AV,42,FALSE) -> 0.049620253 | BZ30: =+VLOOKUP(CONCATENATE($A30,BZ$25),Datos!$B:$AV,42,FALSE) -> 0.072413793 | CA30: =+VLOOKUP(CONCATENATE($A30,CA$25),Datos!$B:$AV,42,FALSE) -> 0.10533708 | ... CD30: =+VLOOKUP(CONCATENATE($A30,CD$25),Datos!$B:$AV,42,FALSE) -> 0.086104218 | CE30: =IFERROR(VLOOKUP(CONCATENATE($A30,CE$25),Datos!$B:$AV,42,FALSE),"0") -> 0.12090643 | CF30: =IFERROR(VLOOKUP(CONCATENATE($A30,CF$25),Datos!$B:$AV,42,FALSE),"0") -> 0.1096517 | CG30: =IFERROR(VLOOKUP(CONCATENATE($A30,CG$25),Datos!$B:$AV,42,FALSE),"0") -> 0.10545775 | CH30: =IFERROR(VLOOKUP(CONCATENATE($A30,CH$25),Datos!$B:$AV,42,FALSE),"0") -> 0.096915584 | CI30: =IFERROR(VLOOKUP(CONCATENATE($A30,CI$25),Datos!$B:$AV,42,FALSE),"0") -> 0.080610022 | CJ30: =IFERROR(VLOOKUP(CONCATENATE($A30,CJ$25),Datos!$B:$AV,42,FALSE),"0") -> 0.2 | CK30: =IFERROR(VLOOKUP(CONCATENATE($A30,CK$25),Datos!$B:$AV,42,FALSE),"0") -> 0 | CL30: =IFERROR(VLOOKUP(CONCATENATE($A30,CL$25),Datos!$B:$AV,42,FALSE),"0") -> 0 | ... DA30: =IFERROR(VLOOKUP(CONCATENATE($A30,DA$25),Datos!$B:$AV,42,FALSE),"0") -> 0.043340381
A31: CAP1c | B31: 0.042244224 | C31: 0.063636364 | D31: 0.065769806 | E31: 0.030112595 | F31: 0.055750658 | G31: 0.05968645 | H31: 0.050394831 | I31: 0.11074169 | J31: 0.067893661 | K31: 0.061256545 | L31: 0.08004779 | M31: 0.068656716 | N31: 0.04950136 | O31: 0.07601219 | P31: 0.037809917 | Q31: 0.095218003 | R31: 0.11790634 | S31: 0.1136289 | U31: 0.12356902 | V31: 0.094404762 | W31: 0.0060344828 | X31: 1 | Y31: 1 | Z31: 0.12605042 | AA31: 0.17261905 | AB31: 0.1509061 | AC31: 0.097066437 | AD31: 0.12432859 | AE31: 0.11248074 | AF31: 0.100516 | AG31: 0.12530612 | AH31: 0.12371601 | AI31: 0.087289916 | AJ31: 0.11443001 | AK31: 0.12585034 | AL31: 0.097721519 | AM31: 0.075031368 | AN31: 0.11084625 | AO31: 0.13614458 | AP31: 0.058085382 | AQ31: 0.046352941 | AR31: 0 | AS31: 0 | AT31: 0 | AU31: 0 | AV31: 0 | AW31: 0.040522876 | AX31: 0.10185185 | AY31: 0.044883303 | AZ31: 0 | BA31: 0.059021535 | BB31: 0.029146919 | BC31: 0.072633481 | BD31: 0.06460595 | BE31: 0.026608539 | BF31: 0.043186813 | BG31: 0.028708134 | BH31: 0.046464646 | BI31: 0.021947874 | BJ31: 0 | BK31: 0 | BL31: 0.045016892 | BM31: 0.053412969 | BN31: 0.031148649 | BO31: 0.043103448 | BP31: 0.039130435 | BQ31: 0.025369979 | BR31: 0.069491525 | BS31: 0.02367688 | BT31: =+VLOOKUP(CONCATENATE($A31,BT$25),Datos!$B:$AV,42,FALSE) -> 0.036072144 | BU31: =+VLOOKUP(CONCATENATE($A31,BU$25),Datos!$B:$AV,42,FALSE) -> 0.033010649 | BV31: =+VLOOKUP(CONCATENATE($A31,BV$25),Datos!$B:$AV,42,FALSE) -> 0.02 | BW31: =+VLOOKUP(CONCATENATE($A31,BW$25),Datos!$B:$AV,42,FALSE) -> 0.028620929 | BX31: =+VLOOKUP(CONCATENATE($A31,BX$25),Datos!$B:$AV,42,FALSE) -> 0.027071823 | BY31: =+VLOOKUP(CONCATENATE($A31,BY$25),Datos!$B:$AV,42,FALSE) -> 0.047459967 | BZ31: =+VLOOKUP(CONCATENATE($A31,BZ$25),Datos!$B:$AV,42,FALSE) -> 0.044787847 | CA31: =+VLOOKUP(CONCATENATE($A31,CA$25),Datos!$B:$AV,42,FALSE) -> 0.044246738 | ... CD31: =+VLOOKUP(CONCATENATE($A31,CD$25),Datos!$B:$AV,42,FALSE) -> 0.05119667 | CE31: =IFERROR(VLOOKUP(CONCATENATE($A31,CE$25),Datos!$B:$AV,42,FALSE),"0") -> 0.092605634 | CF31: =IFERROR(VLOOKUP(CONCATENATE($A31,CF$25),Datos!$B:$AV,42,FALSE),"0") -> 0.070317003 | CG31: =IFERROR(VLOOKUP(CONCATENATE($A31,CG$25),Datos!$B:$AV,42,FALSE),"0") -> 0.03681073 | CH31: =IFERROR(VLOOKUP(CONCATENATE($A31,CH$25),Datos!$B:$AV,42,FALSE),"0") -> 0.050932836 | CI31: =IFERROR(VLOOKUP(CONCATENATE($A31,CI$25),Datos!$B:$AV,42,FALSE),"0") -> 0.038129771 | CJ31: =IFERROR(VLOOKUP(CONCATENATE($A31,CJ$25),Datos!$B:$AV,42,FALSE),"0") -> 0.049767981 | CK31: =IFERROR(VLOOKUP(CONCATENATE($A31,CK$25),Datos!$B:$AV,42,FALSE),"0") -> 0.051082803 | CL31: =IFERROR(VLOOKUP(CONCATENATE($A31,CL$25),Datos!$B:$AV,42,FALSE),"0") -> 0.082695949 | ... DA31: =IFERROR(VLOOKUP(CONCATENATE($A31,DA$25),Datos!$B:$AV,42,FALSE),"0") -> 0.099879373
A32: Calera | B32: 0.038645498 | C32: 0.051263577 | D32: 0.054094293 | E32: 0.03642638 | F32: 0.056416649 | G32: 0.053955265 | H32: 0.048366477 | I32: 0.086742424 | J32: 0.063031687 | K32: 0.10466733 | L32: 0.062138226 | M32: 0.070242973 | N32: 0.09598834 | O32: 0.076074807 | P32: 0.078939617 | Q32: 0.11794371 | R32: 0.079386913 | S32: 0.075824807 | T32: 0.06534178 | U32: 0.080560594 | V32: 0.10664101 | W32: 0.089982568 | X32: 0.040803776 | Y32: 0.040803776 | Z32: 0.062126299 | AA32: 0.059738522 | AB32: 0.063527024 | AC32: 0.063250126 | AD32: 0.060830519 | AE32: 0.063444752 | AF32: 0.056608607 | AG32: 0.074446466 | AH32: 0.062635406 | AI32: 0.051537555 | AJ32: 0.07235354 | AK32: 0.061082826 | AL32: 0.05652983 | AM32: 0.041205032 | AN32: 0.065770884 | AO32: 0.060257536 | AP32: 0.04262487 | AQ32: 0.035664008 | AR32: 0.032760181 | AS32: 0.058927098 | AT32: 0.046695753 | AU32: 0.039213509 | AV32: 0.042997603 | AW32: 0.053471417 | AX32: 0.062558402 | AY32: 0.0548675 | AZ32: 0.046451955 | BA32: 0.042374841 | BB32: 0.033833177 | BC32: 0.055803186 | BD32: 0.044429627 | BE32: 0.029896725 | BF32: 0.032362255 | BG32: 0.034804805 | BH32: 0.036222404 | BI32: 0.041845582 | BJ32: 0.042670623 | BK32: 0.036060038 | BL32: 0.043379403 | BM32: 0.048917569 | BN32: 0.049884545 | BO32: 0.043397222 | BP32: 0.043715598 | BQ32: 0.026678738 | BR32: 0.045136726 | BS32: 0.037910177 | BT32: 0.032628781 | BU32: 0.033819325 | BV32: 0.032068474 | BW32: 0.037373148 | BX32: 0.03757833 | BY32: 0.036725577 | BZ32: 0.059498834 | CA32: 0.057778791 | CB32: 0.057809524 | CC32: 0.048485301 | CD32: 0.048648649 | CE32: 0.051991321 | CF32: 0.062404007 | CG32: 0.045192831 | CH32: 0.055099823 | CI32: 0.049319138 | CJ32: 0.047670938 | CK32: 0.046919174 | CL32: 0.047176064 | CM32: 0.046078148 | CN32: 0.036651435 | CO32: 0.035337988 | CP32: 0.029157549 | CQ32: 0.046961046 | CR32: 0.039080697 | CS32: 0.04594235 | CT32: 0.027534493 | CU32: 0.03944915 | CV32: 0.031668742 | CW32: 0.037661538 | CX32: 0.051594876 | CY32: 0.053208349 | CZ32: 0.051469008 | DA32: 0.067770352
A34: PICH1A | B34: 0 | C34: 0 | D34: 0 | E34: 0 | F34: 0 | G34: 0 | H34: 0 | I34: 0 | J34: 0 | K34: 0 | L34: 0 | M34: 0 | N34: 0 | O34: 0 | P34: 0 | Q34: 0 | R34: 0 | S34: 0 | T34: 0 | U34: 0 | V34: 0 | W34: 0 | X34: 0 | Y34: 0 | Z34: 0 | AA34: 0 | AB34: 0 | AC34: 0 | AD34: 0 | AE34: 0 | AF34: 0 | AG34: 0 | AH34: 0 | AI34: 0 | AJ34: 0 | AK34: 0 | AL34: 0 | AM34: 0 | AN34: 0 | AO34: 0 | AP34: 0 | AQ34: 0 | AR34: 0 | AS34: 0 | AT34: 0 | AU34: 0 | AV34: 0 | AW34: 0 | AX34: 0 | AY34: 0 | AZ34: 0 | BA34: 0 | BB34: 0 | BC34: 0 | BD34: 0 | BE34: 0 | BF34: 0 | BG34: =IFERROR(VLOOKUP(CONCATENATE($A34,BG$25),Datos!$B:$AV,42,FALSE),"0") -> 0 | BH34: =IFERROR(VLOOKUP(CONCATENATE($A34,BH$25),Datos!$B:$AV,42,FALSE),"0") -> 0 | BI34: =IFERROR(VLOOKUP(CONCATENATE($A34,BI$25),Datos!$B:$AV,42,FALSE),"0") -> 0 | BJ34: =IFERROR(VLOOKUP(CONCATENATE($A34,BJ$25),Datos!$B:$AV,42,FALSE),"0") -> 0 | BK34: =IFERROR(VLOOKUP(CONCATENATE($A34,BK$25),Datos!$B:$AV,42,FALSE),"0") -> 0 | BL34: =IFERROR(VLOOKUP(CONCATENATE($A34,BL$25),Datos!$B:$AV,42,FALSE),"0") -> 0 | BM34: =IFERROR(VLOOKUP(CONCATENATE($A34,BM$25),Datos!$B:$AV,42,FALSE),"0") -> 0 | BN34: =IFERROR(VLOOKUP(CONCATENATE($A34,BN$25),Datos!$B:$AV,42,FALSE),"0") -> 0 | ... DA34: =IFERROR(VLOOKUP(CONCATENATE($A34,DA$25),Datos!$B:$AV,42,FALSE),"0") -> 0
A35: PICH2A | B35: 0 | C35: 0 | D35: 0 | E35: 0 | F35: 0 | G35: 0 | H35: 0 | I35: 0 | J35: 0 | K35: 0 | L35: 0 | M35: 0 | N35: 0 | O35: 0 | P35: 0 | Q35: 0 | R35: 0 | S35: 0 | T35: 0 | U35: 0 | V35: 0 | W35: 0 | X35: 0 | Y35: 0.033763758 | Z35: 0.031575607 | AA35: 0.029031512 | AB35: 0.029624019 | AC35: 0.048820345 | AD35: 0.045041265 | AE35: 0.043011406 | AF35: 0.050061454 | AG35: 0.054090658 | AH35: 0.042598847 | AI35: 0.059006575 | AJ35: 0.054284597 | AK35: 0.069387472 | AL35: 0.049682589 | AM35: 0.058432397 | AN35: 0.064157924 | AO35: 0.058055378 | AP35: 0.047587032 | AQ35: 0.077994497 | AR35: 0.069348724 | AS35: 0.068025966 | AT35: 0.059232955 | AU35: 0.092563999 | AV35: 0.071183406 | AW35: 0.083502582 | AX35: 0.10250517 | AY35: 0.072235697 | AZ35: 0.05979266 | BA35: 0.088829253 | BB35: 0.10607844 | BC35: 0.044964759 | BD35: 0.062598658 | BE35: 0.050673322 | BF35: 0.051866556 | BG35: =IFERROR(VLOOKUP(CONCATENATE($A35,BG$25),Datos!$B:$AV,42,FALSE),"0") -> 0.071349923 | BH35: =IFERROR(VLOOKUP(CONCATENATE($A35,BH$25),Datos!$B:$AV,42,FALSE),"0") -> 0.059952175 | BI35: =IFERROR(VLOOKUP(CONCATENATE($A35,BI$25),Datos!$B:$AV,42,FALSE),"0") -> 0.052601568 | BJ35: =IFERROR(VLOOKUP(CONCATENATE($A35,BJ$25),Datos!$B:$AV,42,FALSE),"0") -> 0.059905728 | BK35: =IFERROR(VLOOKUP(CONCATENATE($A35,BK$25),Datos!$B:$AV,42,FALSE),"0") -> 0.057947686 | BL35: =IFERROR(VLOOKUP(CONCATENATE($A35,BL$25),Datos!$B:$AV,42,FALSE),"0") -> 0.055821984 | BM35: =IFERROR(VLOOKUP(CONCATENATE($A35,BM$25),Datos!$B:$AV,42,FALSE),"0") -> 0.057517084 | BN35: =IFERROR(VLOOKUP(CONCATENATE($A35,BN$25),Datos!$B:$AV,42,FALSE),"0") -> 0.049370403 | ... DA35: =IFERROR(VLOOKUP(CONCATENATE($A35,DA$25),Datos!$B:$AV,42,FALSE),"0") -> 0.042713277
A36: PICH3A | B36: 0.062782805 | C36: 0.068154996 | D36: 0.066666667 | E36: 0.07199289 | F36: 0.069511489 | G36: 0.059675009 | H36: 0.059528374 | I36: 0.062446536 | J36: 0.053790814 | K36: 0.061396777 | L36: 0.074066817 | M36: 0.080542986 | N36: 0.097956669 | O36: 0.088549299 | P36: 0.098429886 | Q36: 0.11825726 | R36: 0.12284558 | S36: 0.081052632 | T36: 0.083544304 | U36: 0.088708508 | V36: 0.073941775 | W36: 0 | X36: 0.076923077 | Y36: 0.076923077 | Z36: 0.076923077 | AA36: 0.076923077 | AB36: 0.076923077 | AC36: 0.076923077 | AD36: 0.050535988 | AE36: 0.038236044 | AF36: 0.035846724 | AG36: 0.031155779 | AH36: 0.039540576 | AI36: 0.048320093 | AJ36: 0.045372704 | AK36: 0.052631579 | AL36: 0.038790608 | AM36: 0.03686747 | AN36: 0.048698371 | AO36: 0.045380781 | AP36: 0.051329771 | AQ36: 0.036689768 | AR36: 0.060444608 | AS36: 0.058388899 | AT36: 0.040535746 | AU36: 0.032919013 | AV36: 0.026175283 | AW36: 0.023493544 | AX36: 0.042400977 | AY36: 0.053827066 | AZ36: 0.051100071 | BA36: 0.056024244 | BB36: 0.058611673 | BC36: 0.062232285 | BD36: 0.062847608 | BE36: 0.048850399 | BF36: 0.043822276 | BG36: =IFERROR(VLOOKUP(CONCATENATE($A36,BG$25),Datos!$B:$AV,42,FALSE),"0") -> 0.047426471 | BH36: =IFERROR(VLOOKUP(CONCATENATE($A36,BH$25),Datos!$B:$AV,42,FALSE),"0") -> 0.042909535 | BI36: =IFERROR(VLOOKUP(CONCATENATE($A36,BI$25),Datos!$B:$AV,42,FALSE),"0") -> 0.047971405 | BJ36: =IFERROR(VLOOKUP(CONCATENATE($A36,BJ$25),Datos!$B:$AV,42,FALSE),"0") -> 0.044562833 | BK36: =IFERROR(VLOOKUP(CONCATENATE($A36,BK$25),Datos!$B:$AV,42,FALSE),"0") -> 0.051460534 | BL36: =IFERROR(VLOOKUP(CONCATENATE($A36,BL$25),Datos!$B:$AV,42,FALSE),"0") -> 0.058503064 | BM36: =IFERROR(VLOOKUP(CONCATENATE($A36,BM$25),Datos!$B:$AV,42,FALSE),"0") -> 0.05745165 | BN36: =IFERROR(VLOOKUP(CONCATENATE($A36,BN$25),Datos!$B:$AV,42,FALSE),"0") -> 0.064571429 | ... DA36: =IFERROR(VLOOKUP(CONCATENATE($A36,DA$25),Datos!$B:$AV,42,FALSE),"0") -> 0.097505271
A37: PICH4A | B37: 0.075645209 | C37: 0.055733791 | D37: 0.061534363 | E37: 0.099447514 | F37: 0.073403474 | G37: 0.087905774 | H37: 0.07881568 | I37: 0.084741535 | J37: 0.086068563 | K37: 0.079835161 | L37: 0.082100026 | M37: 0.098782042 | N37: 0.090173907 | O37: 0.099384959 | P37: 0.10377162 | Q37: 0.10533828 | R37: 0.10577644 | S37: 0.099616376 | T37: 0.10593539 | U37: 0.10846759 | V37: 0.097623225 | W37: 0.10633067 | X37: 0.10269222 | Y37: 0.10269222 | Z37: 0.1111287 | AA37: 0.10941767 | AB37: 0.10371671 | AC37: 0.11757066 | AD37: 0.13040163 | AE37: 0.13162573 | AF37: 0.11700431 | AG37: 0.13194331 | AH37: 0.13548062 | AI37: 0.11389502 | AJ37: 0.11541401 | AK37: 0.11443773 | AL37: 0.089151168 | AM37: 0.10294224 | AN37: 0.11224054 | AO37: 0.1205467 | AP37: 0.11056926 | AQ37: 0.12723154 | AR37: 0.12307269 | AS37: 0.11288674 | AT37: 0.093195266 | AU37: 0.12726299 | AV37: 0.11741797 | AW37: 0.12514689 | AX37: 0.122633 | AY37: 0.11666168 | AZ37: 0.13075694 | BA37: 0.12001404 | BB37: 0.1548996 | BC37: 0.17673114 | BD37: 0 | BE37: 0 | BF37: 0.11824818 | BG37: =IFERROR(VLOOKUP(CONCATENATE($A37,BG$25),Datos!$B:$AV,42,FALSE),"0") -> 0.10714286 | BH37: =IFERROR(VLOOKUP(CONCATENATE($A37,BH$25),Datos!$B:$AV,42,FALSE),"0") -> 0.10228536 | BI37: =IFERROR(VLOOKUP(CONCATENATE($A37,BI$25),Datos!$B:$AV,42,FALSE),"0") -> 0.092451524 | BJ37: =IFERROR(VLOOKUP(CONCATENATE($A37,BJ$25),Datos!$B:$AV,42,FALSE),"0") -> 0.099661643 | BK37: =IFERROR(VLOOKUP(CONCATENATE($A37,BK$25),Datos!$B:$AV,42,FALSE),"0") -> 0.1142712 | BL37: =IFERROR(VLOOKUP(CONCATENATE($A37,BL$25),Datos!$B:$AV,42,FALSE),"0") -> 0.078615335 | BM37: =IFERROR(VLOOKUP(CONCATENATE($A37,BM$25),Datos!$B:$AV,42,FALSE),"0") -> 0.087278295 | BN37: =IFERROR(VLOOKUP(CONCATENATE($A37,BN$25),Datos!$B:$AV,42,FALSE),"0") -> 0.10539523 | ... DA37: =IFERROR(VLOOKUP(CONCATENATE($A37,DA$25),Datos!$B:$AV,42,FALSE),"0") -> 0
A38: PICH5A | B38: 0.19591029 | C38: 0 | D38: 0 | E38: 0 | F38: 0.11707805 | G38: 0.051194539 | H38: 0.058315335 | I38: 0.045183069 | J38: 0.043682132 | K38: 0.045081294 | L38: 0.057943144 | M38: 0.089784813 | N38: 0.12429517 | O38: 0.12340317 | P38: 0.084055532 | Q38: 0.095526914 | R38: 0.086225733 | S38: 0.095910587 | T38: 0.088053137 | U38: 0.086169379 | V38: 0.077431129 | W38: 0.070981569 | X38: 0.06867284 | Y38: 0.06867284 | Z38: 0.075171444 | AA38: 0.064905955 | AB38: 0.072234273 | AC38: 0.085276968 | AD38: 0.13383563 | AE38: 0.10412614 | AF38: 0.13409797 | AG38: 0.13898488 | AH38: 0.1333465 | AI38: 0.14670904 | AJ38: 0.12532559 | AK38: 0.18468336 | AL38: 0.19572989 | AM38: 0.311095 | AN38: 0.23424343 | AO38: 0.16158301 | AP38: 0 | AQ38: 0 | AR38: 0 | AS38: 0 | AT38: 0 | AU38: 0 | AV38: 0 | AW38: 0.082822086 | AX38: 0.052268603 | AY38: 0.042512563 | AZ38: 0.030235162 | BA38: 0.027393635 | BB38: 0.022538033 | BC38: 0.026838966 | BD38: 0.025610888 | BE38: 0.025873383 | BF38: 0.018804847 | BG38: =IFERROR(VLOOKUP(CONCATENATE($A38,BG$25),Datos!$B:$AV,42,FALSE),"0") -> 0.018654507 | BH38: =IFERROR(VLOOKUP(CONCATENATE($A38,BH$25),Datos!$B:$AV,42,FALSE),"0") -> 0.017701752 | BI38: =IFERROR(VLOOKUP(CONCATENATE($A38,BI$25),Datos!$B:$AV,42,FALSE),"0") -> 0.017868961 | BJ38: =IFERROR(VLOOKUP(CONCATENATE($A38,BJ$25),Datos!$B:$AV,42,FALSE),"0") -> 0.03657662 | BK38: =IFERROR(VLOOKUP(CONCATENATE($A38,BK$25),Datos!$B:$AV,42,FALSE),"0") -> 0.028484956 | BL38: =IFERROR(VLOOKUP(CONCATENATE($A38,BL$25),Datos!$B:$AV,42,FALSE),"0") -> 0.027183891 | BM38: =IFERROR(VLOOKUP(CONCATENATE($A38,BM$25),Datos!$B:$AV,42,FALSE),"0") -> 0.028239891 | BN38: =IFERROR(VLOOKUP(CONCATENATE($A38,BN$25),Datos!$B:$AV,42,FALSE),"0") -> 0.027067669 | ... DA38: =IFERROR(VLOOKUP(CONCATENATE($A38,DA$25),Datos!$B:$AV,42,FALSE),"0") -> 0.068225892
A39: PICH1B | B39: 0 | C39: 0 | D39: 0 | E39: 0 | F39: 0 | G39: 0 | H39: 0 | I39: 0 | J39: 0 | K39: 0 | L39: 0 | M39: 0 | N39: 0 | O39: 0 | P39: 0 | Q39: 0 | R39: 0 | S39: 0 | T39: 0 | U39: 0 | V39: 0 | W39: 0 | X39: 0 | Y39: 0 | Z39: 0 | AA39: 0 | AB39: 0 | AC39: 0 | AD39: 0 | AE39: 0 | AF39: 0 | AG39: 0 | AH39: 0 | AI39: 0 | AJ39: 0 | AK39: 0 | AL39: 0 | AM39: 0 | AN39: 0 | AO39: 0 | AP39: 0 | AQ39: 0 | AR39: 0 | AS39: 0 | AT39: 0 | AU39: 0 | AV39: 0 | AW39: 0 | AX39: 0 | AY39: 0 | AZ39: 0 | BA39: 0 | BB39: 0 | BC39: 0 | BD39: 0 | BE39: 0 | BF39: 0 | BG39: =IFERROR(VLOOKUP(CONCATENATE($A39,BG$25),Datos!$B:$AV,42,FALSE),"0") -> 0 | BH39: =IFERROR(VLOOKUP(CONCATENATE($A39,BH$25),Datos!$B:$AV,42,FALSE),"0") -> 0 | BI39: =IFERROR(VLOOKUP(CONCATENATE($A39,BI$25),Datos!$B:$AV,42,FALSE),"0") -> 0 | BJ39: =IFERROR(VLOOKUP(CONCATENATE($A39,BJ$25),Datos!$B:$AV,42,FALSE),"0") -> 0 | BK39: =IFERROR(VLOOKUP(CONCATENATE($A39,BK$25),Datos!$B:$AV,42,FALSE),"0") -> 0 | BL39: =IFERROR(VLOOKUP(CONCATENATE($A39,BL$25),Datos!$B:$AV,42,FALSE),"0") -> 0 | BM39: =IFERROR(VLOOKUP(CONCATENATE($A39,BM$25),Datos!$B:$AV,42,FALSE),"0") -> 0 | BN39: =IFERROR(VLOOKUP(CONCATENATE($A39,BN$25),Datos!$B:$AV,42,FALSE),"0") -> 0 | ... DA39: =IFERROR(VLOOKUP(CONCATENATE($A39,DA$25),Datos!$B:$AV,42,FALSE),"0") -> 0.092057762
A40: PICH2B | B40: 0.079537162 | C40: 0.072246462 | D40: 0.076273194 | E40: 0.10416819 | F40: 0.081195801 | G40: 0.098784 | H40: 0.082179124 | I40: 0.094311035 | J40: 0.11431568 | K40: 0.090907935 | L40: 0.081780198 | M40: 0.066007116 | N40: 0.079655663 | O40: 0.087819602 | P40: 0.06445511 | Q40: 0.098216008 | R40: 0.080736624 | S40: 0.087309496 | T40: 0.092714088 | U40: 0.090524642 | V40: 0.070832446 | W40: 0.088759732 | X40: 0.04790146 | Y40: 0.04790146 | Z40: 0.10639638 | AA40: 0.10643016 | AB40: 0.10191987 | AC40: 0.088759732 | AD40: 0.096336047 | AE40: 0.11862994 | AF40: 0.083434478 | AG40: 0.078918841 | AH40: 0.126658 | AI40: 0.081032232 | AJ40: 0.10311622 | AK40: 0.35494327 | AL40: 0.12317881 | AM40: 0 | AN40: 0 | AO40: 0 | AP40: 0 | AQ40: 0 | AR40: 0 | AS40: 0 | AT40: 0 | AU40: 0 | AV40: 0 | AW40: 0 | AX40: 0 | AY40: 0 | AZ40: 0 | BA40: 0 | BB40: 0 | BC40: 0 | BD40: 0 | BE40: 0 | BF40: 0 | BG40: =IFERROR(VLOOKUP(CONCATENATE($A40,BG$25),Datos!$B:$AV,42,FALSE),"0") -> 0 | BH40: =IFERROR(VLOOKUP(CONCATENATE($A40,BH$25),Datos!$B:$AV,42,FALSE),"0") -> 0 | BI40: =IFERROR(VLOOKUP(CONCATENATE($A40,BI$25),Datos!$B:$AV,42,FALSE),"0") -> 0 | BJ40: =IFERROR(VLOOKUP(CONCATENATE($A40,BJ$25),Datos!$B:$AV,42,FALSE),"0") -> 0 | BK40: =IFERROR(VLOOKUP(CONCATENATE($A40,BK$25),Datos!$B:$AV,42,FALSE),"0") -> 0 | BL40: =IFERROR(VLOOKUP(CONCATENATE($A40,BL$25),Datos!$B:$AV,42,FALSE),"0") -> 0 | BM40: =IFERROR(VLOOKUP(CONCATENATE($A40,BM$25),Datos!$B:$AV,42,FALSE),"0") -> 0 | BN40: =IFERROR(VLOOKUP(CONCATENATE($A40,BN$25),Datos!$B:$AV,42,FALSE),"0") -> 0 | ... DA40: =IFERROR(VLOOKUP(CONCATENATE($A40,DA$25),Datos!$B:$AV,42,FALSE),"0") -> 0.026785714
A41: PICH3B | B41: 0.22524844 | C41: 0.23736999 | D41: 0.16169441 | E41: 0 | F41: 0 | G41: 0.058823529 | H41: 0.13291139 | I41: 0.11678949 | J41: 0.10953347 | K41: 0.12785794 | L41: 0.14531755 | M41: 0.14782609 | N41: 0.13886311 | O41: 0.14637546 | P41: 0.15136953 | Q41: 0.16976889 | R41: 0.21480017 | S41: 0.17542823 | T41: 0.18806374 | U41: 0.16994309 | V41: 0.14751631 | W41: 0.17957993 | X41: 0.153858 | Y41: 0.153858 | Z41: 0.18265183 | AA41: 0.20594354 | AB41: 0.16387386 | AC41: 0.16359562 | AD41: 0.19019733 | AE41: 0.15983607 | AF41: 0.14998135 | AG41: 0.17857143 | AH41: 0.24996829 | AI41: 0.16618287 | AJ41: 0.17838266 | AK41: 0.17467969 | AL41: 0.18278413 | AM41: 0.17739199 | AN41: 0.20159322 | AO41: 0.19203414 | AP41: 0.17983757 | AQ41: 0.21287321 | AR41: 0.24573379 | AS41: 0 | AT41: 0 | AU41: 0 | AV41: 0 | AW41: 0 | AX41: 0 | AY41: 0 | AZ41: 0 | BA41: 0 | BB41: 0 | BC41: 0 | BD41: 0 | BE41: 0 | BF41: 0 | BG41: =IFERROR(VLOOKUP(CONCATENATE($A41,BG$25),Datos!$B:$AV,42,FALSE),"0") -> 0 | BH41: =IFERROR(VLOOKUP(CONCATENATE($A41,BH$25),Datos!$B:$AV,42,FALSE),"0") -> 0 | BI41: =IFERROR(VLOOKUP(CONCATENATE($A41,BI$25),Datos!$B:$AV,42,FALSE),"0") -> 0 | BJ41: =IFERROR(VLOOKUP(CONCATENATE($A41,BJ$25),Datos!$B:$AV,42,FALSE),"0") -> 0 | BK41: =IFERROR(VLOOKUP(CONCATENATE($A41,BK$25),Datos!$B:$AV,42,FALSE),"0") -> 0 | BL41: =IFERROR(VLOOKUP(CONCATENATE($A41,BL$25),Datos!$B:$AV,42,FALSE),"0") -> 0 | BM41: =IFERROR(VLOOKUP(CONCATENATE($A41,BM$25),Datos!$B:$AV,42,FALSE),"0") -> 0 | BN41: =IFERROR(VLOOKUP(CONCATENATE($A41,BN$25),Datos!$B:$AV,42,FALSE),"0") -> 0 | ... DA41: =IFERROR(VLOOKUP(CONCATENATE($A41,DA$25),Datos!$B:$AV,42,FALSE),"0") -> 0.03884013
A42: PICH4B | B42: 0.1308671 | C42: 0.13211407 | D42: 0.095734289 | E42: 0.11645287 | F42: 0.14076741 | G42: 0.13049297 | H42: 0.1368101 | I42: 0.12644628 | J42: 0.13477377 | K42: 0.12587413 | L42: 0.12985075 | M42: 0.15681394 | N42: 0.15618712 | O42: 0.12454397 | P42: 0.14381443 | Q42: 0.17836706 | R42: 0.17575162 | S42: 0.13013302 | T42: 0.14859574 | U42: 0.1598677 | V42: 0.15902398 | W42: 0.17605839 | X42: 0.288286 | Y42: 0.288286 | Z42: 0.20245399 | AA42: 0.20245399 | AB42: 0.20245399 | AC42: 0.20245399 | AD42: 0.17278157 | AE42: 0.17058617 | AF42: 0.1338489 | AG42: 0.14130594 | AH42: 0.19900831 | AI42: 0.17688581 | AJ42: 0.17976552 | AK42: 0.14577379 | AL42: 0.15849721 | AM42: 0.17058074 | AN42: 0.17421649 | AO42: 0.18612318 | AP42: 0.18036637 | AQ42: 0.21968504 | AR42: 0.20620843 | AS42: 0.1609516 | AT42: 0.16556604 | AU42: 0.18127618 | AV42: 0.15700282 | AW42: 0.13210289 | AX42: 0.13994426 | AY42: 0.14551987 | AZ42: 0 | BA42: 0 | BB42: 0 | BC42: 0.21176471 | BD42: 0.15754639 | BE42: 0.14040562 | BF42: 0.15954875 | BG42: =IFERROR(VLOOKUP(CONCATENATE($A42,BG$25),Datos!$B:$AV,42,FALSE),"0") -> 0.14726455 | BH42: =IFERROR(VLOOKUP(CONCATENATE($A42,BH$25),Datos!$B:$AV,42,FALSE),"0") -> 0.12978689 | BI42: =IFERROR(VLOOKUP(CONCATENATE($A42,BI$25),Datos!$B:$AV,42,FALSE),"0") -> 0.14105409 | BJ42: =IFERROR(VLOOKUP(CONCATENATE($A42,BJ$25),Datos!$B:$AV,42,FALSE),"0") -> 0.14262062 | BK42: =IFERROR(VLOOKUP(CONCATENATE($A42,BK$25),Datos!$B:$AV,42,FALSE),"0") -> 0.17026345 | BL42: =IFERROR(VLOOKUP(CONCATENATE($A42,BL$25),Datos!$B:$AV,42,FALSE),"0") -> 0.12207152 | BM42: =IFERROR(VLOOKUP(CONCATENATE($A42,BM$25),Datos!$B:$AV,42,FALSE),"0") -> 0.1307682 | BN42: =IFERROR(VLOOKUP(CONCATENATE($A42,BN$25),Datos!$B:$AV,42,FALSE),"0") -> 0.10371793 | ... DA42: =IFERROR(VLOOKUP(CONCATENATE($A42,DA$25),Datos!$B:$AV,42,FALSE),"0") -> 0.060018467
A43: PICH5B | B43: 0.052365968 | C43: 0.049017286 | D43: 0.050932269 | E43: 0.050603256 | F43: 0.053276728 | G43: 0.044197178 | H43: 0.035871731 | I43: 0.030335861 | J43: 0.037374046 | K43: 0.035333088 | L43: 0.040763674 | M43: 0.04871387 | N43: 0.053376873 | O43: 0.058349491 | P43: 0.05312481 | Q43: 0.061356099 | R43: 0.049892208 | S43: 0.047282507 | T43: 0.05866346 | U43: 0.083349301 | V43: 0.061597427 | W43: 0.05628909 | X43: 0.047788997 | Y43: 0.047788997 | Z43: 0.054993111 | AA43: 0.077552097 | AB43: 0.068833652 | AC43: 0.087734242 | AD43: 0.078856536 | AE43: 0.062431266 | AF43: 0.058084502 | AG43: 0.088003622 | AH43: 0.11565575 | AI43: 0.11988033 | AJ43: 0.12936345 | AK43: 0.08603708 | AL43: 0.076287623 | AM43: 0.31958393 | AN43: 0.50704225 | AO43: 0 | AP43: 0 | AQ43: 0.094716495 | AR43: 0.13260672 | AS43: 0.10484838 | AT43: 0.075276012 | AU43: 0.097598201 | AV43: 0.095501925 | AW43: 0.088932806 | AX43: 0.085402016 | AY43: 0.091995713 | AZ43: 0.088988119 | BA43: 0.10921446 | BB43: 0.11502565 | BC43: 0.10264425 | BD43: 0.1202442 | BE43: 0.11187277 | BF43: 0.086251333 | BG43: =IFERROR(VLOOKUP(CONCATENATE($A43,BG$25),Datos!$B:$AV,42,FALSE),"0") -> 0.071298488 | BH43: =IFERROR(VLOOKUP(CONCATENATE($A43,BH$25),Datos!$B:$AV,42,FALSE),"0") -> 0.089044204 | BI43: =IFERROR(VLOOKUP(CONCATENATE($A43,BI$25),Datos!$B:$AV,42,FALSE),"0") -> 0.081613769 | BJ43: =IFERROR(VLOOKUP(CONCATENATE($A43,BJ$25),Datos!$B:$AV,42,FALSE),"0") -> 0.095329803 | BK43: =IFERROR(VLOOKUP(CONCATENATE($A43,BK$25),Datos!$B:$AV,42,FALSE),"0") -> 0.10947249 | BL43: =IFERROR(VLOOKUP(CONCATENATE($A43,BL$25),Datos!$B:$AV,42,FALSE),"0") -> 0.11993147 | BM43: =IFERROR(VLOOKUP(CONCATENATE($A43,BM$25),Datos!$B:$AV,42,FALSE),"0") -> 0.11247837 | BN43: =IFERROR(VLOOKUP(CONCATENATE($A43,BN$25),Datos!$B:$AV,42,FALSE),"0") -> 0.12523191 | ... DA43: =IFERROR(VLOOKUP(CONCATENATE($A43,DA$25),Datos!$B:$AV,42,FALSE),"0") -> 0.032989122
A44: PICH3C | B44: 0.044438817 | C44: 0.045579845 | D44: 0.040783763 | E44: 0.039629606 | F44: 0.036847492 | G44: 0.035240621 | H44: 0.042146564 | I44: 0.042466184 | J44: 0.040661788 | K44: 0.04050405 | L44: 0.046144972 | M44: 0.047875409 | N44: 0.057209574 | O44: 0.055097152 | P44: 0.064329476 | Q44: 0.087864223 | R44: 0.10505571 | S44: 0.066259398 | T44: 0.068275862 | U44: 0.064840412 | V44: 0.06378866 | W44: 0.066079295 | X44: 0.06202346 | Y44: 0.06202346 | Z44: 0.062315852 | AA44: 0.065818341 | AB44: 0.052070028 | AC44: 0.065217391 | AD44: 0.081476817 | AE44: 0.06045283 | AF44: 0.025755679 | AG44: 0 | AH44: 0 | AI44: 0.10023866 | AJ44: 0.077769049 | AK44: 0.060020697 | AL44: 0.047352844 | AM44: 0.056267584 | AN44: 0.053803617 | AO44: 0.058907614 | AP44: 0.055627623 | AQ44: 0.05294397 | AR44: 0.051631909 | AS44: 0.075644192 | AT44: 0.059230237 | AU44: 0.040918391 | AV44: 0.046104004 | AW44: 0.03956098 | AX44: 0.056059624 | AY44: 0.08016444 | AZ44: 0.072051877 | BA44: 0.077911198 | BB44: 0.086988848 | BC44: 0.12457322 | BD44: 0.10931174 | BE44: 0.088355604 | BF44: 0.076252546 | BG44: =IFERROR(VLOOKUP(CONCATENATE($A44,BG$25),Datos!$B:$AV,42,FALSE),"0") -> 0.082460733 | BH44: =IFERROR(VLOOKUP(CONCATENATE($A44,BH$25),Datos!$B:$AV,42,FALSE),"0") -> 0.067342867 | BI44: =IFERROR(VLOOKUP(CONCATENATE($A44,BI$25),Datos!$B:$AV,42,FALSE),"0") -> 0.080127667 | BJ44: =IFERROR(VLOOKUP(CONCATENATE($A44,BJ$25),Datos!$B:$AV,42,FALSE),"0") -> 0.086538462 | BK44: =IFERROR(VLOOKUP(CONCATENATE($A44,BK$25),Datos!$B:$AV,42,FALSE),"0") -> 0.087762067 | BL44: =IFERROR(VLOOKUP(CONCATENATE($A44,BL$25),Datos!$B:$AV,42,FALSE),"0") -> 0.075664934 | BM44: =IFERROR(VLOOKUP(CONCATENATE($A44,BM$25),Datos!$B:$AV,42,FALSE),"0") -> 0.08798339 | BN44: =IFERROR(VLOOKUP(CONCATENATE($A44,BN$25),Datos!$B:$AV,42,FALSE),"0") -> 0.08435807 | ... DA44: =IFERROR(VLOOKUP(CONCATENATE($A44,DA$25),Datos!$B:$AV,42,FALSE),"0") -> 0.05018982
A45: PICH5C | B45: 0.10414129 | C45: 0.091594089 | D45: 0.098175327 | E45: 0.095920938 | F45: 0.091766724 | G45: 0.079272379 | H45: 0.096256684 | I45: 0.11713475 | J45: 0.10171073 | K45: 0.26582278 | L45: 0 | M45: 0 | N45: 0 | O45: 0.17098446 | P45: 0.091201544 | Q45: 0.081025781 | R45: 0.083421331 | S45: 0.082984351 | T45: 0.085768742 | U45: 0.085860615 | V45: 0.080597015 | W45: 0.056994819 | X45: 0.053212456 | Y45: 0.053212456 | Z45: 0.070649052 | AA45: 0.062253911 | AB45: 0.063179751 | AC45: 0.085368315 | AD45: 0.096833692 | AE45: 0.083065436 | AF45: 0.076445606 | AG45: 0.10658706 | AH45: 0.20180499 | AI45: 0.1882246 | AJ45: 0.1375927 | AK45: 0.14921382 | AL45: 0.24087811 | AM45: 0.17392153 | AN45: 0.086222628 | AO45: 0.10568603 | AP45: 0.1006817 | AQ45: 0.099148306 | AR45: 0.13469837 | AS45: 0.14840204 | AT45: 0.15013345 | AU45: 0.15111441 | AV45: 0.17233687 | AW45: 0.12406328 | AX45: 0.11982249 | AY45: 0.22673077 | AZ45: 0 | BA45: 0 | BB45: 0 | BC45: 0 | BD45: 0 | BE45: 0 | BF45: 0 | BG45: =IFERROR(VLOOKUP(CONCATENATE($A45,BG$25),Datos!$B:$AV,42,FALSE),"0") -> 0 | BH45: =IFERROR(VLOOKUP(CONCATENATE($A45,BH$25),Datos!$B:$AV,42,FALSE),"0") -> 0.75 | BI45: =IFERROR(VLOOKUP(CONCATENATE($A45,BI$25),Datos!$B:$AV,42,FALSE),"0") -> 0.8 | BJ45: =IFERROR(VLOOKUP(CONCATENATE($A45,BJ$25),Datos!$B:$AV,42,FALSE),"0") -> 0.13527273 | BK45: =IFERROR(VLOOKUP(CONCATENATE($A45,BK$25),Datos!$B:$AV,42,FALSE),"0") -> 0.036484245 | BL45: =IFERROR(VLOOKUP(CONCATENATE($A45,BL$25),Datos!$B:$AV,42,FALSE),"0") -> 0.034129466 | BM45: =IFERROR(VLOOKUP(CONCATENATE($A45,BM$25),Datos!$B:$AV,42,FALSE),"0") -> 0.035538668 | BN45: =IFERROR(VLOOKUP(CONCATENATE($A45,BN$25),Datos!$B:$AV,42,FALSE),"0") -> 0.033577615 | ... DA45: =IFERROR(VLOOKUP(CONCATENATE($A45,DA$25),Datos!$B:$AV,42,FALSE),"0") -> 0.068443591
... A50: PICH4Bco | B50: 0.047977422 | C50: 0.057781202 | D50: 0.051252847 | E50: 0.051502146 | F50: 0.054216867 | G50: 0.044300518 | H50: 0.039355015 | I50: 0.038939968 | J50: 0.052166713 | K50: 0.049477735 | L50: 0.056712329 | M50: 0.047658863 | N50: 0.052410223 | O50: 0.033284024 | P50: 0.053995091 | Q50: 0.054836253 | R50: 0.075789474 | S50: 0.045576408 | T50: 0.046834345 | U50: 0.068994889 | V50: 0.04989787 | W50: 0.061351512 | X50: 0.18445773 | Y50: 0.18445773 | Z50: 0.066025803 | AA50: 0.066025803 | AB50: 0.1540107 | AC50: 0.10990502 | AD50: 0.079810819 | AE50: 0.084193548 | AF50: 0.092924385 | AG50: 0.063238582 | AH50: 0.091473744 | AI50: 0.090745409 | AJ50: 0.084342054 | AK50: 0.096514745 | AL50: 0.085360825 | AM50: 0.10221465 | AN50: 0.10598349 | AO50: 0.11761364 | AP50: 0.064516129 | AQ50: 0.08113329 | AR50: 0.087261785 | AS50: 0.22117202 | AT50: 0.2263202 | AU50: 0.22854641 | AV50: 0.12644628 | AW50: 0.19736842 | AX50: 0.08038835 | AY50: 0.088098918 | AZ50: 0 | BA50: 0 | BB50: 0 | BC50: 0.019954904 | BD50: 0.053388852 | BE50: 0.026473282 | BF50: 0.030264589 | BG50: =IFERROR(VLOOKUP(CONCATENATE($A50,BG$25),Datos!$B:$AV,42,FALSE),"0") -> 0.080012262 | BH50: =IFERROR(VLOOKUP(CONCATENATE($A50,BH$25),Datos!$B:$AV,42,FALSE),"0") -> 0.054662379 | BI50: =IFERROR(VLOOKUP(CONCATENATE($A50,BI$25),Datos!$B:$AV,42,FALSE),"0") -> 0.081904095 | BJ50: =IFERROR(VLOOKUP(CONCATENATE($A50,BJ$25),Datos!$B:$AV,42,FALSE),"0") -> 0.081314168 | BK50: =IFERROR(VLOOKUP(CONCATENATE($A50,BK$25),Datos!$B:$AV,42,FALSE),"0") -> 0.075498078 | BL50: =IFERROR(VLOOKUP(CONCATENATE($A50,BL$25),Datos!$B:$AV,42,FALSE),"0") -> 0.06002106 | BM50: =IFERROR(VLOOKUP(CONCATENATE($A50,BM$25),Datos!$B:$AV,42,FALSE),"0") -> 0.071801166 | BN50: =IFERROR(VLOOKUP(CONCATENATE($A50,BN$25),Datos!$B:$AV,42,FALSE),"0") -> 0.061268363 | ... DA50: =IFERROR(VLOOKUP(CONCATENATE($A50,DA$25),Datos!$B:$AV,42,FALSE),"0") -> 0.072670807
A51: PICH2Bco | AP51: 0.073202055 | AQ51: 0.20634921 | AR51: 0.032160734 | AS51: 0.047598719 | AT51: 0 | AU51: 0 | AV51: 0 | AW51: 0.053192107 | AX51: 0.045883545 | AY51: 0.03052422 | AZ51: 0.03782453 | BA51: 0.052654779 | BB51: 0.039683437 | BC51: 0.019954904 | BD51: 0.053388852 | BE51: 0.026473282 | BF51: 0.030264589 | BG51: =IFERROR(VLOOKUP(CONCATENATE($A51,BG$25),Datos!$B:$AV,42,FALSE),"0") -> 0.033453088 | BH51: =IFERROR(VLOOKUP(CONCATENATE($A51,BH$25),Datos!$B:$AV,42,FALSE),"0") -> 0.056080207 | BI51: =IFERROR(VLOOKUP(CONCATENATE($A51,BI$25),Datos!$B:$AV,42,FALSE),"0") -> 0.048947836 | BJ51: =IFERROR(VLOOKUP(CONCATENATE($A51,BJ$25),Datos!$B:$AV,42,FALSE),"0") -> 0.058785377 | BK51: =IFERROR(VLOOKUP(CONCATENATE($A51,BK$25),Datos!$B:$AV,42,FALSE),"0") -> 0.060076592 | BL51: =IFERROR(VLOOKUP(CONCATENATE($A51,BL$25),Datos!$B:$AV,42,FALSE),"0") -> 0.053301127 | BM51: =IFERROR(VLOOKUP(CONCATENATE($A51,BM$25),Datos!$B:$AV,42,FALSE),"0") -> 0.051530678 | BN51: =IFERROR(VLOOKUP(CONCATENATE($A51,BN$25),Datos!$B:$AV,42,FALSE),"0") -> 0.47787611 | ... DA51: =IFERROR(VLOOKUP(CONCATENATE($A51,DA$25),Datos!$B:$AV,42,FALSE),"0") -> 0.010431759
A52: PICH5Bco | B52: 0.042572062 | C52: 0.03439659 | D52: 0.03856383 | E52: 0.038348516 | F52: 0.035402098 | G52: 0.031308885 | H52: 0.031681217 | I52: 0.040641545 | J52: 0.034129693 | K52: 0.036674817 | L52: 0.038320364 | M52: 0.049151292 | N52: 0.070387977 | O52: 0.059486255 | P52: 0.063840077 | Q52: 0.055380829 | R52: 0.051273936 | S52: 0.072685856 | T52: 0.057905544 | U52: 0.052139787 | V52: 0.055620954 | W52: 0.045108884 | X52: 0.039334342 | Y52: 0.039334342 | Z52: 0.040579314 | AA52: 0.042682927 | AB52: 0.04425914 | AC52: 0.051826259 | AD52: 0.058542931 | AE52: 0.051937345 | AF52: 0.061318681 | AG52: 0.063076923 | AH52: 0.062126093 | AI52: 0.087979725 | AJ52: 0.078889701 | AK52: 0.075789474 | AL52: 0.0764692 | AM52: 0.22944079 | AN52: 0.29198473 | AO52: 0 | AP52: 0.16197183 | AQ52: 0.30017554 | AR52: 0.12363508 | AS52: 0.11111111 | AT52: 0.075083426 | AU52: 0.088679245 | AV52: 0.081802015 | AW52: 0.070637955 | AX52: 0.088339223 | AY52: 0.085992738 | AZ52: 0.066980898 | BA52: 0.059143823 | BB52: 0.056371291 | BC52: 0.051177904 | BD52: 0.049778761 | BE52: 0.077684211 | BF52: 0.026690391 | BG52: =IFERROR(VLOOKUP(CONCATENATE($A52,BG$25),Datos!$B:$AV,42,FALSE),"0") -> 0.029428571 | BH52: =IFERROR(VLOOKUP(CONCATENATE($A52,BH$25),Datos!$B:$AV,42,FALSE),"0") -> 0.035874439 | BI52: =IFERROR(VLOOKUP(CONCATENATE($A52,BI$25),Datos!$B:$AV,42,FALSE),"0") -> 0.041283362 | BJ52: =IFERROR(VLOOKUP(CONCATENATE($A52,BJ$25),Datos!$B:$AV,42,FALSE),"0") -> 0.065463918 | BK52: =IFERROR(VLOOKUP(CONCATENATE($A52,BK$25),Datos!$B:$AV,42,FALSE),"0") -> 0.025320513 | BL52: =IFERROR(VLOOKUP(CONCATENATE($A52,BL$25),Datos!$B:$AV,42,FALSE),"0") -> 0.053558052 | BM52: =IFERROR(VLOOKUP(CONCATENATE($A52,BM$25),Datos!$B:$AV,42,FALSE),"0") -> 0.049229287 | BN52: =IFERROR(VLOOKUP(CONCATENATE($A52,BN$25),Datos!$B:$AV,42,FALSE),"0") -> 0.053746313 | ... DA52: =IFERROR(VLOOKUP(CONCATENATE($A52,DA$25),Datos!$B:$AV,42,FALSE),"0") -> 0
A53: PICH5Cco | B53: 0.035889938 | C53: 0.036535859 | D53: 0.045269168 | E53: 0.04156753 | F53: 0.03975704 | G53: 0.037778089 | H53: 0.03562341 | I53: 0.041737517 | J53: 0.080326232 | K53: 0.10606061 | L53: 0.043376068 | M53: 0 | N53: 0 | O53: 0.074792244 | P53: 0.078819332 | Q53: 0.070532915 | R53: 0.06023622 | S53: 0.074098798 | T53: 0.056290909 | U53: 0.046255507 | V53: 0.052698212 | W53: 0.038219806 | X53: 0.034260179 | Y53: 0.034260179 | Z53: 0.034661355 | AA53: 0.051011029 | AB53: 0.031931069 | AC53: 0.040648247 | AD53: 0.045587107 | AE53: 0.040685892 | AF53: 0.040857091 | AG53: 0.052267699 | AH53: 0.053605924 | AI53: 0.0923163 | AJ53: 0.064846889 | AK53: 0.054878049 | AL53: 0.060703388 | AM53: 0.081818182 | AN53: 0.07382868 | AO53: 0.07740655 | AP53: 0.079907925 | AQ53: 0.11003182 | AR53: 0.070256205 | AS53: 0.10050482 | AT53: 0.090364935 | AU53: 0.084742807 | AV53: 0.15402258 | AW53: 0.11400276 | AX53: 0.072980863 | AY53: 0.11371168 | AZ53: 0 | BA53: 0 | BB53: 0 | BC53: 0 | BD53: 0 | BE53: 0 | BF53: 0 | BG53: =IFERROR(VLOOKUP(CONCATENATE($A53,BG$25),Datos!$B:$AV,42,FALSE),"0") -> 0 | BH53: =IFERROR(VLOOKUP(CONCATENATE($A53,BH$25),Datos!$B:$AV,42,FALSE),"0") -> 0.125 | BI53: =IFERROR(VLOOKUP(CONCATENATE($A53,BI$25),Datos!$B:$AV,42,FALSE),"0") -> 0.036111111 | BJ53: =IFERROR(VLOOKUP(CONCATENATE($A53,BJ$25),Datos!$B:$AV,42,FALSE),"0") -> 0.032260372 | BK53: =IFERROR(VLOOKUP(CONCATENATE($A53,BK$25),Datos!$B:$AV,42,FALSE),"0") -> 0.03161512 | BL53: =IFERROR(VLOOKUP(CONCATENATE($A53,BL$25),Datos!$B:$AV,42,FALSE),"0") -> 0.01816717 | BM53: =IFERROR(VLOOKUP(CONCATENATE($A53,BM$25),Datos!$B:$AV,42,FALSE),"0") -> 0.019854621 | BN53: =IFERROR(VLOOKUP(CONCATENATE($A53,BN$25),Datos!$B:$AV,42,FALSE),"0") -> 0.022961816 | ... DA53: =IFERROR(VLOOKUP(CONCATENATE($A53,DA$25),Datos!$B:$AV,42,FALSE),"0") -> 0.053874778
A54: PICH2Bcco | B54: 0 | C54: 0 | D54: 0 | E54: 0 | F54: 0 | G54: 0 | H54: 0 | I54: 0 | J54: 0 | K54: 0 | L54: 0 | M54: 0 | N54: 0 | O54: 0 | P54: 0 | Q54: 0 | R54: 0 | S54: 0 | T54: 0 | U54: 0 | V54: 0 | W54: 0 | X54: 0 | Y54: 0 | Z54: 0 | AA54: 0 | AB54: 0 | AC54: 0 | AD54: 0 | AE54: 0 | AF54: 0 | AG54: 0 | AH54: 1 | AI54: 2 | AJ54: 3 | AK54: 3 | AL54: 3 | AM54: 4 | AN54: 5 | AO54: 6 | AP54: 0.079907925 | AQ54: 8 | AR54: 8 | AS54: 8 | AT54: 8 | AU54: 8 | AV54: 8 | AW54: 0 | AX54: 0 | AY54: 0 | AZ54: 0 | BA54: 0 | BB54: 0 | BC54: 0 | BD54: 0 | BE54: 0 | BF54: 0 | BG54: =IFERROR(VLOOKUP(CONCATENATE($A54,BG$25),Datos!$B:$AV,42,FALSE),"0") -> 0 | BH54: =IFERROR(VLOOKUP(CONCATENATE($A54,BH$25),Datos!$B:$AV,42,FALSE),"0") -> 0 | BI54: =IFERROR(VLOOKUP(CONCATENATE($A54,BI$25),Datos!$B:$AV,42,FALSE),"0") -> 0 | BJ54: =IFERROR(VLOOKUP(CONCATENATE($A54,BJ$25),Datos!$B:$AV,42,FALSE),"0") -> 0 | BK54: =IFERROR(VLOOKUP(CONCATENATE($A54,BK$25),Datos!$B:$AV,42,FALSE),"0") -> 0 | BL54: =IFERROR(VLOOKUP(CONCATENATE($A54,BL$25),Datos!$B:$AV,42,FALSE),"0") -> 0 | BM54: =IFERROR(VLOOKUP(CONCATENATE($A54,BM$25),Datos!$B:$AV,42,FALSE),"0") -> 0 | BN54: =IFERROR(VLOOKUP(CONCATENATE($A54,BN$25),Datos!$B:$AV,42,FALSE),"0") -> 0 | ... DA54: =IFERROR(VLOOKUP(CONCATENATE($A54,DA$25),Datos!$B:$AV,42,FALSE),"0") -> 0
A55: PICH5Aco | B55: 0.16277713 | C55: 0 | D55: 0 | E55: 0 | F55: 0.10215664 | G55: 0.069230769 | H55: 0.072519084 | I55: 0.049664107 | J55: 0.088703563 | K55: 0.059055118 | L55: 0.053435115 | M55: 0.073439412 | N55: 0.086865296 | O55: 0.064496314 | P55: 0.068726692 | Q55: 0.071725572 | R55: 0.064763231 | S55: 0.073056995 | T55: 0.069875776 | U55: 0.064857991 | V55: 0.071661238 | W55: 0.065724382 | X55: 0.049933422 | Y55: 0.049933422 | Z55: 0.058271936 | AA55: 0.053703704 | AB55: 0.051758461 | AC55: 0.066025803 | AD55: 0.071084569 | AE55: 0.067624309 | AF55: 0.071225071 | AG55: 0.11745514 | AH55: 0.1794169 | AI55: 0.28846154 | AJ55: 0.17768725 | AK55: 0.13495346 | AL55: 0.16234248 | AM55: 0.30508475 | AN55: 0.1602057 | AO55: 0.10306327 | AP55: 0 | AQ55: 0 | AR55: 0 | AS55: 0 | AT55: 0 | AU55: 0 | AV55: 0 | AW55: 0.076960665 | AX55: 0.065654574 | AY55: 0.058949167 | AZ55: 0.039580514 | BA55: 0.038014784 | BB55: 0.035425463 | BC55: 0.03937582 | BD55: 0.029624003 | BE55: 0.04324403 | BF55: 0.017413442 | BG55: =IFERROR(VLOOKUP(CONCATENATE($A55,BG$25),Datos!$B:$AV,42,FALSE),"0") -> 0.017231993 | BH55: =IFERROR(VLOOKUP(CONCATENATE($A55,BH$25),Datos!$B:$AV,42,FALSE),"0") -> 0.031361561 | BI55: =IFERROR(VLOOKUP(CONCATENATE($A55,BI$25),Datos!$B:$AV,42,FALSE),"0") -> 0.015703616 | BJ55: =IFERROR(VLOOKUP(CONCATENATE($A55,BJ$25),Datos!$B:$AV,42,FALSE),"0") -> 0.024046122 | BK55: =IFERROR(VLOOKUP(CONCATENATE($A55,BK$25),Datos!$B:$AV,42,FALSE),"0") -> 0.019633099 | BL55: =IFERROR(VLOOKUP(CONCATENATE($A55,BL$25),Datos!$B:$AV,42,FALSE),"0") -> 0.022502473 | BM55: =IFERROR(VLOOKUP(CONCATENATE($A55,BM$25),Datos!$B:$AV,42,FALSE),"0") -> 0.020842451 | BN55: =IFERROR(VLOOKUP(CONCATENATE($A55,BN$25),Datos!$B:$AV,42,FALSE),"0") -> 0.020701937 | ... DA55: =IFERROR(VLOOKUP(CONCATENATE($A55,DA$25),Datos!$B:$AV,42,FALSE),"0") -> 0.062965471
A56: Pichidegua | B56: 0.087357509 | C56: 0.077680115 | D56: 0.071406004 | E56: 0.07383828 | F56: 0.071007286 | G56: 0.064687192 | H56: 0.067399512 | I56: 0.070687479 | J56: 0.069985107 | K56: 0.075625343 | L56: 0.070668856 | M56: 0.079979427 | N56: 0.094851691 | O56: 0.09147457 | P56: 0.09089849 | Q56: 0.097479026 | R56: 0.10096582 | S56: 0.088707267 | T56: 0.091781309 | U56: 0.097016456 | V56: 0.085826288 | W56: 0.087198312 | X56: 0.077868685 | Y56: 0.077868685 | Z56: 0.071604757 | AA56: 0.07667947 | AB56: 0.07380405 | AC56: 0.088188323 | AD56: 0.093991319 | AE56: 0.083503472 | AF56: 0.085140189 | AG56: 0.10093457 | AH56: 0.11714807 | AI56: 0.11598052 | AJ56: 0.10171478 | AK56: 0.10118637 | AL56: 0.098251757 | AM56: 0.11247679 | AN56: 0.098434807 | AO56: 0.091937409 | AP56: 0.083444205 | AQ56: 0.090845801 | AR56: 0.095561253 | AS56: 0.090148394 | AT56: 0.076652584 | AU56: 0.089394219 | AV56: 0.08356393 | AW56: 0.076105394 | AX56: 0.078486838 | AY56: 0.080455837 | AZ56: 0.064914101 | BA56: 0.067140151 | BB56: 0.073603201 | BC56: 0.068534956 | BD56: 0.070301094 | BE56: 0.064828643 | BF56: 0.057463223 | BG56: 0.05906106 | BH56: 0.05758197 | BI56: 0.057261487 | BJ56: 0.065125735 | BK56: 0.059721448 | BL56: 0.055275078 | BM56: 0.057862503 | BN56: 0.060005397 | BO56: 0.058733955 | BP56: 0.059241405 | BQ56: 0.058181741 | BR56: 0.068613037 | BS56: 0.071343864 | BT56: 0.061728805 | BU56: 0.066413041 | BV56: 0.060962092 | BW56: 0.063952756 | BX56: 0.0023503366 | BY56: 0.059664102 | BZ56: 0.068200266 | CA56: 0.08070616 | CB56: 0.077419135 | CC56: 0.076809526 | CD56: 0.080554759 | CE56: 0.070651322 | CF56: 0.068741992 | CG56: 0.067589004 | CH56: 0.062243143 | CI56: 0.066174289 | CJ56: 0.059623538 | CK56: 0.062761493 | CL56: 0.062922688 | CM56: 0.063960704 | CN56: 0.068290868 | CO56: 0.060729309 | CP56: 0.061761643 | CQ56: 0.068617372 | CR56: 0.060982214 | CS56: 0.04746254 | CT56: 0.053081561 | CU56: 0.059481161 | CV56: 0.056554412 | CW56: 0.055210055 | CX56: 0.049932752 | CY56: 0.050369766 | CZ56: 0.049733151 | DA56: 0.053527305
A58: Total Empresa | B58: 0.083945138 | C58: 0.07582634 | D58: 0.070581702 | E58: 0.073103978 | F58: 0.070678177 | G58: 0.064458869 | H58: 0.066845579 | I58: 0.070820862 | J58: 0.069711779 | K58: 0.076266652 | L58: 0.07009025 | M58: 0.078969985 | N58: 0.09494494 | O58: 0.089981978 | P58: 0.089756494 | Q58: 0.098805578 | R58: 0.098743004 | S58: 0.087541649 | T58: 0.089137158 | U58: 0.095910847 | V58: 0.087410088 | W58: 0.087460908 | X58: 0.075039842 | Y58: 0.075039842 | Z58: 0.070977738 | AA58: 0.074928443 | AB58: 0.072805547 | AC58: 0.086119086 | AD58: 0.091152206 | AE58: 0.081749292 | AF58: 0.082864944 | AG58: 0.099197958 | AH58: 0.11322148 | AI58: 0.108541 | AJ58: 0.099815656 | AK58: 0.0976427 | AL58: 0.094578689 | AM58: 0.10430901 | AN58: 0.095865494 | AO58: 0.089403066 | AP58: 0.079572095 | AQ58: 0.086805304 | AR58: 0.090150483 | AS58: 0.088748396 | AT58: 0.073364019 | AU58: 0.085984245 | AV58: 0.080664509 | AW58: 0.074569295 | AX58: 0.077469446 | AY58: 0.078589078 | AZ58: 0.063779653 | BA58: 0.06471386 | BB58: 0.070294066 | BC58: 0.067671441 | BD58: 0.068190723 | BE58: 0.06191754 | BF58: 0.055191232 | BG58: 0.057212023 | BH58: 0.055888096 | BI58: 0.056454298 | BJ58: 0.064316791 | BK58: 0.05910302 | BL58: 0.05502441 | BM58: 0.057648671 | BN58: 0.059512818 | BO58: 0.057849852 | BP58: 0.058329373 | BQ58: 0.056101401 | BR58: 0.067178605 | BS58: 0.068952463 | BT58: 0.056162673 | BU58: 0.061796659 | BV58: 0.055843645 | BW58: 0.05870076 | BX58: 0.0040566328 | BY58: 0.054968804 | BZ58: 0.06344011 | CA58: 0.073264726 | CB58: 0.071211247 | CC58: 0.070437626 | CD58: 0.073808808 | CE58: 0.064873044 | CF58: 0.063936941 | CG58: 0.063079796 | CH58: 0.058203047 | CI58: 0.061349404 | CJ58: 0.056055291 | CK58: 0.059537269 | CL58: 0.058033039 | CM58: 0.060198035 | CN58: 0.061836481 | CO58: 0.055874476 | CP58: 0.057155924 | CQ58: 0.063798933 | CR58: 0.056313643 | CS58: 0.045555377 | CT58: 0.049262491 | CU58: 0.055871092 | CV58: 0.051009152 | CW58: 0.051942612 | CX58: 0.047705904 | CY58: 0.048413238 | CZ58: 0.048049706 | DA58: 0.051856317
A61: TRIZADO POR SECTOR | B61: S01 | C61: S02 | D61: S03 | E61: S04 | F61: S05 | G61: S06 | H61: S07 | I61: S08 | J61: S09 | K61: S10 | L61: S11 | M61: S12 | N61: S13 | O61: S14 | P61: S15 | Q61: S16 | R61: S17 | S61: S18 | T61: S19 | U61: S20 | V61: S21 | W61: S22 | X61: S23 | Y61: S24 | Z61: S25 | AA61: S26 | AB61: S27 | AC61: S28 | AD61: S29 | AE61: S30 | AF61: S31 | AG61: S32 | AH61: S33 | AI61: S34 | AJ61: S35 | AK61: S36 | AL61: S37 | AM61: S38 | AN61: S39 | AO61: S40 | AP61: S41 | AQ61: S42 | AR61: S43 | AS61: S44 | AT61: S45 | AU61: S46 | AV61: S47 | AW61: S48 | AX61: S49 | AY61: S50 | AZ61: S51 | BA61: S52 | BB61: 1 | BC61: 2 | BD61: 3 | BE61: 4 | BF61: 5 | BG61: 6 | BH61: 7 | BI61: 8 | BJ61: 9 | BK61: 10 | BL61: 11 | BM61: 12 | BN61: 13 | BO61: 14 | BP61: 15 | BQ61: 16 | BR61: 17 | BS61: 18 | BT61: 19 | BU61: 20 | BV61: 21 | BW61: 22 | BX61: 23 | BY61: 24 | BZ61: 25 | CA61: 26 | CB61: 27 | CC61: 28 | CD61: 29 | CE61: 30 | CF61: 31 | CG61: 32 | CH61: 33 | CI61: 34 | CJ61: 35 | CK61: 36 | CL61: 37 | CM61: 38 | CN61: 39 | CO61: 40 | CP61: 41 | CQ61: 42 | CR61: 43 | CS61: 44 | CT61: 45 | CU61: 46 | CV61: 47 | CW61: 48 | CX61: 49 | CY61: 50 | CZ61: 51 | DA61: 52
A62: CA3A | B62: 0.022395084 | C62: 0.031484258 | D62: 0.023352436 | E62: 0 | F62: 0 | G62: 0 | H62: 0 | I62: 0 | J62: 0.038043478 | K62: 0.82608696 | L62: 0.022236504 | M62: 0.025155151 | N62: 0.030334865 | O62: 0.013719058 | P62: 0.010044944 | Q62: 0.014850071 | R62: 0.014330069 | S62: 0.014760148 | T62: 0.014485425 | U62: 0.01347255 | V62: 0.021330816 | W62: 0.01668528 | X62: 0.013785846 | Y62: 0.017097506 | Z62: 0.014699424 | AA62: 0.013758901 | AB62: 0.015513959 | AC62: 0.016653291 | AD62: 0.013676786 | AE62: 0.017329657 | AF62: 0.012244027 | AG62: 0.017156863 | AH62: 0.017910448 | AI62: 0.011747987 | AJ62: 0.022074468 | AK62: 0.017114837 | AL62: 0.012257661 | AM62: 0.01690714 | AN62: 0.018909091 | AO62: 0.019148162 | AP62: 0.01360118 | AQ62: 0.018099548 | AR62: 0.013011349 | AS62: 0.023136247 | AT62: 0.017428168 | AU62: 0.01548103 | AV62: 0.018345128 | AW62: 0.020438247 | AX62: 0.022339406 | AY62: 0.019707486 | AZ62: 0.042089844 | BA62: 0.019619973 | BB62: 0.022786955 | BC62: 0.026937341 | BD62: 0.021615008 | BE62: 0.019006131 | BF62: 0.022385787 | BG62: 0.041893424 | BH62: 0.026539278 | BI62: 0.029741078 | BJ62: =IFERROR(VLOOKUP(CONCATENATE($A62,BJ$25),Datos!$B:$AV,44,FALSE),"0") -> 0.032031815 | BK62: =IFERROR(VLOOKUP(CONCATENATE($A62,BK$25),Datos!$B:$AV,44,FALSE),"0") -> 1 | BL62: =IFERROR(VLOOKUP(CONCATENATE($A62,BL$25),Datos!$B:$AV,44,FALSE),"0") -> 0 | BM62: =IFERROR(VLOOKUP(CONCATENATE($A62,BM$25),Datos!$B:$AV,44,FALSE),"0") -> 1 | BN62: =IFERROR(VLOOKUP(CONCATENATE($A62,BN$25),Datos!$B:$AV,44,FALSE),"0") -> 0.030462375 | BO62: =IFERROR(VLOOKUP(CONCATENATE($A62,BO$25),Datos!$B:$AV,44,FALSE),"0") -> 0.022648336 | BP62: =IFERROR(VLOOKUP(CONCATENATE($A62,BP$25),Datos!$B:$AV,44,FALSE),"0") -> 0.024109749 | BQ62: =IFERROR(VLOOKUP(CONCATENATE($A62,BQ$25),Datos!$B:$AV,44,FALSE),"0") -> 0.018107951 | ... DA62: =IFERROR(VLOOKUP(CONCATENATE($A62,DA$25),Datos!$B:$AV,44,FALSE),"0") -> 0.039727723
A63: CA3BB | B63: 0 | C63: 0 | D63: 0 | E63: 0 | F63: 0 | G63: 0 | H63: 0 | I63: 0 | J63: 0 | K63: 0 | L63: 0 | M63: 0 | N63: 0 | O63: 0 | P63: 0 | Q63: 0 | R63: 0 | S63: 0 | T63: 0 | U63: 0 | V63: 0 | W63: 0 | X63: 0 | Y63: 0 | Z63: 0 | AA63: 0 | AB63: 0 | AC63: 0 | AD63: 0 | AE63: 0 | AF63: 0 | AG63: 0 | AH63: 0 | AI63: 0 | AJ63: 0 | AK63: 0 | AL63: 0 | AM63: 0 | AN63: 0 | AO63: 0 | AP63: 0 | AQ63: 0 | AR63: 0 | AS63: 0 | AT63: 0 | AU63: 0 | AV63: 0 | AW63: 0 | AX63: 0 | AY63: 0 | AZ63: 0 | BA63: 0.024923446 | BB63: 0.023909774 | BC63: 0.028508042 | BD63: 0.025688468 | BE63: 0.03630137 | BF63: 0.019051149 | BG63: 0.03164557 | BH63: 0.02189781 | BI63: 0.051948052 | BJ63: =IFERROR(VLOOKUP(CONCATENATE($A63,BJ$25),Datos!$B:$AV,44,FALSE),"0") -> 0.025316456 | BK63: =IFERROR(VLOOKUP(CONCATENATE($A63,BK$25),Datos!$B:$AV,44,FALSE),"0") -> 0 | BL63: =IFERROR(VLOOKUP(CONCATENATE($A63,BL$25),Datos!$B:$AV,44,FALSE),"0") -> 0 | BM63: =IFERROR(VLOOKUP(CONCATENATE($A63,BM$25),Datos!$B:$AV,44,FALSE),"0") -> 0 | BN63: =IFERROR(VLOOKUP(CONCATENATE($A63,BN$25),Datos!$B:$AV,44,FALSE),"0") -> 0.33333333 | BO63: =IFERROR(VLOOKUP(CONCATENATE($A63,BO$25),Datos!$B:$AV,44,FALSE),"0") -> 0.02739726 | BP63: =IFERROR(VLOOKUP(CONCATENATE($A63,BP$25),Datos!$B:$AV,44,FALSE),"0") -> 0.017084178 | BQ63: =IFERROR(VLOOKUP(CONCATENATE($A63,BQ$25),Datos!$B:$AV,44,FALSE),"0") -> 0.016953714 | ... DA63: =IFERROR(VLOOKUP(CONCATENATE($A63,DA$25),Datos!$B:$AV,44,FALSE),"0") -> 0.04090268
A64: CA3B | B64: 0.029638009 | C64: 0.043092666 | D64: 0.036133768 | E64: 0 | F64: 0 | G64: 0 | H64: 0 | I64: 0 | J64: 0.036101083 | K64: 0.46153846 | L64: 0.022056385 | M64: 0.025140713 | N64: 0.015318587 | O64: 0.016349206 | P64: 0.018975332 | Q64: 0.019602273 | R64: 0.012683412 | S64: 0.011679864 | T64: 0.011880905 | U64: 0.014922657 | V64: 0.017837308 | W64: 0.0136443 | X64: 0.016494083 | Y64: 0.01311206 | Z64: 0.013333333 | AA64: 0.010639373 | AB64: 0.010730725 | AC64: 0.025013805 | AD64: 0.016974303 | AE64: 0.011815624 | AF64: 0.011552711 | AG64: 0.016405136 | AH64: 0.01366882 | AI64: 0.016373344 | AJ64: 0.022317666 | AK64: 0.020907441 | AL64: 0.014978479 | AM64: 0.014486367 | AN64: 0.025920323 | AO64: 0.022265625 | AP64: 0.019330544 | AQ64: 0.014042821 | AR64: 0.019130711 | AS64: 0.023204787 | AT64: 0.017571145 | AU64: 0.025477707 | AV64: 0.027234043 | AW64: 0.030928289 | AX64: 0.031034483 | AY64: 0.037241379 | AZ64: 0.045215827 | BA64: 0.57142857 | BB64: 0.019685039 | BC64: 0.032857143 | BD64: 0.033157895 | BE64: 0.026168224 | BF64: 0.013852814 | BG64: 0.027708804 | BH64: 0.026515764 | BI64: 0.026127613 | BJ64: =IFERROR(VLOOKUP(CONCATENATE($A64,BJ$25),Datos!$B:$AV,44,FALSE),"0") -> 0.051225919 | BK64: =IFERROR(VLOOKUP(CONCATENATE($A64,BK$25),Datos!$B:$AV,44,FALSE),"0") -> 1 | BL64: =IFERROR(VLOOKUP(CONCATENATE($A64,BL$25),Datos!$B:$AV,44,FALSE),"0") -> 0 | BM64: =IFERROR(VLOOKUP(CONCATENATE($A64,BM$25),Datos!$B:$AV,44,FALSE),"0") -> 0.25 | BN64: =IFERROR(VLOOKUP(CONCATENATE($A64,BN$25),Datos!$B:$AV,44,FALSE),"0") -> 0.02511006 | BO64: =IFERROR(VLOOKUP(CONCATENATE($A64,BO$25),Datos!$B:$AV,44,FALSE),"0") -> 0.0061728395 | BP64: =IFERROR(VLOOKUP(CONCATENATE($A64,BP$25),Datos!$B:$AV,44,FALSE),"0") -> 0.017241379 | BQ64: =IFERROR(VLOOKUP(CONCATENATE($A64,BQ$25),Datos!$B:$AV,44,FALSE),"0") -> 0.016042781 | ... DA64: =IFERROR(VLOOKUP(CONCATENATE($A64,DA$25),Datos!$B:$AV,44,FALSE),"0") -> 0
A65: CAP1A | B65: 0.0035196687 | C65: 0.0085470085 | D65: 0.0077151335 | E65: 0.0049937578 | F65: 0.0056745182 | G65: 0.0071276596 | H65: 0.0063246662 | I65: 0.0052631579 | J65: 0.0058041958 | K65: 0.0022666667 | L65: 0.003989704 | M65: 0.0064544651 | N65: 0.010505837 | O65: 0.0083131558 | P65: 0.0087209302 | Q65: 0.0068019093 | R65: 0.003960396 | S65: 0.0042075736 | T65: 0.010204082 | U65: 0 | V65: 0 | W65: 0.012658228 | X65: 0.0066282421 | Y65: 0.0040595399 | Z65: 0.019756098 | AA65: 0.0082956259 | AB65: 0.0081381011 | AC65: 0.00375 | AD65: 0.0077256944 | AE65: 0.0084848485 | AF65: 0.0058823529 | AG65: 0.0089153046 | AH65: 0.0066210046 | AI65: 0.0058732612 | AJ65: 0.0069920844 | AK65: 0.0059760956 | AL65: 0.0047413793 | AM65: 0.0093220339 | AN65: 0.011653386 | AO65: 0.012053571 | AP65: 0.0082758621 | AQ65: 0.0095833333 | AR65: 0 | AS65: 0 | AT65: 0 | AU65: 0 | AV65: 0 | AW65: 0.0095238095 | AX65: 0.0094936709 | AY65: 0.0055415617 | AZ65: 0.0051698671 | BA65: 0.010062893 | BB65: 0.0024390244 | BC65: 0.0094409938 | BD65: 0.006763285 | BE65: 0.0067567568 | BF65: 0.0034917556 | BG65: 0.0067901235 | BH65: 0.0082135524 | BI65: 0.010644258 | BJ65: =IFERROR(VLOOKUP(CONCATENATE($A65,BJ$25),Datos!$B:$AV,44,FALSE),"0") -> 0.0018348624 | BK65: =IFERROR(VLOOKUP(CONCATENATE($A65,BK$25),Datos!$B:$AV,44,FALSE),"0") -> 0.0017712177 | BL65: =IFERROR(VLOOKUP(CONCATENATE($A65,BL$25),Datos!$B:$AV,44,FALSE),"0") -> 0.0030331754 | BM65: =IFERROR(VLOOKUP(CONCATENATE($A65,BM$25),Datos!$B:$AV,44,FALSE),"0") -> 0.0022199798 | BN65: =IFERROR(VLOOKUP(CONCATENATE($A65,BN$25),Datos!$B:$AV,44,FALSE),"0") -> 0.0037079954 | BO65: =IFERROR(VLOOKUP(CONCATENATE($A65,BO$25),Datos!$B:$AV,44,FALSE),"0") -> 0.0033333333 | BP65: =IFERROR(VLOOKUP(CONCATENATE($A65,BP$25),Datos!$B:$AV,44,FALSE),"0") -> 0.0041322314 | BQ65: =IFERROR(VLOOKUP(CONCATENATE($A65,BQ$25),Datos!$B:$AV,44,FALSE),"0") -> 0.022451081 | ... DA65: =IFERROR(VLOOKUP(CONCATENATE($A65,DA$25),Datos!$B:$AV,44,FALSE),"0") -> 0
A66: CAP1B | B66: 0.016742081 | C66: 0.019286872 | D66: 0.011691542 | E66: 0 | F66: 0 | G66: 0 | H66: 0 | I66: 0 | J66: 0.012195122 | K66: 0.12121212 | L66: 0.01590106 | M66: 0.014540466 | N66: 0.0089855072 | O66: 0.0095437422 | P66: 0.0052565707 | Q66: 0.0067842605 | R66: 0.0094043887 | S66: 0.0073255814 | T66: 0.0058013053 | U66: 0.030592105 | V66: 0.009939759 | W66: 0.0059308072 | X66: 0.01029703 | Y66: 0.0050403226 | Z66: 0.0049751244 | AA66: 0.0090799031 | AB66: 0.0041329011 | AC66: 0.0049101796 | AD66: 0.0053693182 | AE66: 0.0086486486 | AF66: 0.0051413882 | AG66: 0.0098863636 | AH66: 0.0043604651 | AI66: 0.0063091483 | AJ66: 0.0063420159 | AK66: 0.0037688442 | AL66: 0.0056856187 | AM66: 0.0065158371 | AN66: 0.0048751486 | AO66: 0.0061652281 | AP66: 0.0051948052 | AQ66: 0.0041450777 | AR66: 0.0068965517 | AS66: 0.0070052539 | AT66: 0.0064321608 | AU66: 0.0084548105 | AV66: 0.0067528736 | AW66: 0.009864365 | AX66: 0.0046948357 | AY66: 0.0076556366 | AZ66: 0.0051515152 | BA66: 0.007611153 | BB66: 0.0056603774 | BC66: 0.0081632653 | BD66: 0.0068004459 | BE66: 0.0093708166 | BF66: 0.0090995261 | BG66: 0.0042149631 | BH66: 0.0024509804 | BI66: 0 | BJ66: =IFERROR(VLOOKUP(CONCATENATE($A66,BJ$25),Datos!$B:$AV,44,FALSE),"0") -> 0 | BK66: =IFERROR(VLOOKUP(CONCATENATE($A66,BK$25),Datos!$B:$AV,44,FALSE),"0") -> 0 | BL66: =IFERROR(VLOOKUP(CONCATENATE($A66,BL$25),Datos!$B:$AV,44,FALSE),"0") -> 0 | BM66: =IFERROR(VLOOKUP(CONCATENATE($A66,BM$25),Datos!$B:$AV,44,FALSE),"0") -> 0.0067155067 | BN66: =IFERROR(VLOOKUP(CONCATENATE($A66,BN$25),Datos!$B:$AV,44,FALSE),"0") -> 0.0086206897 | BO66: =IFERROR(VLOOKUP(CONCATENATE($A66,BO$25),Datos!$B:$AV,44,FALSE),"0") -> 0.0067119796 | BP66: =IFERROR(VLOOKUP(CONCATENATE($A66,BP$25),Datos!$B:$AV,44,FALSE),"0") -> 0.00486618 | BQ66: =IFERROR(VLOOKUP(CONCATENATE($A66,BQ$25),Datos!$B:$AV,44,FALSE),"0") -> 0.0037154989 | ... DA66: =IFERROR(VLOOKUP(CONCATENATE($A66,DA$25),Datos!$B:$AV,44,FALSE),"0") -> 0.0087737844
A67: CAP1c | B67: 0.004510451 | C67: 0.0098591549 | D67: 0.007922272 | E67: 0.0039277298 | F67: 0.0069139596 | G67: 0.00806271 | H67: 0.0054558507 | I67: 0.0051150895 | J67: 0.0075664622 | K67: 0.0062827225 | L67: 0.0083632019 | M67: 0.0087893864 | N67: 0.0068902992 | O67: 0.0067914671 | P67: 0.0046831956 | Q67: 0.0053445851 | R67: 0.0060606061 | S67: 0.0052545156 | T67: 0.0072279587 | U67: 0.0072390572 | V67: 0.0057142857 | W67: 0.0086206897 | X67: 0 | Y67: 0 | Z67: 0.0042016807 | AA67: 0.01875 | AB67: 0.0042833608 | AC67: 0.0080241588 | AD67: 0.0055292259 | AE67: 0.0061633282 | AF67: 0.014654283 | AG67: 0.0065306122 | AH67: 0.0069486405 | AI67: 0.0073529412 | AJ67: 0.0046176046 | AK67: 0.0088435374 | AL67: 0.0053164557 | AM67: 0.0045169385 | AN67: 0.0097735399 | AO67: 0.013554217 | AP67: 0.011125485 | AQ67: 0.0055294118 | AR67: 0 | AS67: 0 | AT67: 0 | AU67: 0 | AV67: 0 | AW67: 0.0065359477 | AX67: 0.0092592593 | AY67: 0.0035906643 | AZ67: 0 | BA67: 0.0077148233 | BB67: 0.013270142 | BC67: 0.011634912 | BD67: 0.0037008318 | BE67: 0.0046001203 | BF67: 0.0032967033 | BG67: 0.0029665072 | BH67: 0.0044444444 | BI67: 0.0041152263 | BJ67: =IFERROR(VLOOKUP(CONCATENATE($A67,BJ$25),Datos!$B:$AV,44,FALSE),"0") -> 0 | BK67: =IFERROR(VLOOKUP(CONCATENATE($A67,BK$25),Datos!$B:$AV,44,FALSE),"0") -> 0.0046636086 | BL67: =IFERROR(VLOOKUP(CONCATENATE($A67,BL$25),Datos!$B:$AV,44,FALSE),"0") -> 0.0048986486 | BM67: =IFERROR(VLOOKUP(CONCATENATE($A67,BM$25),Datos!$B:$AV,44,FALSE),"0") -> 0.0058020478 | BN67: =IFERROR(VLOOKUP(CONCATENATE($A67,BN$25),Datos!$B:$AV,44,FALSE),"0") -> 0.0051351351 | BO67: =IFERROR(VLOOKUP(CONCATENATE($A67,BO$25),Datos!$B:$AV,44,FALSE),"0") -> 0.0021072797 | BP67: =IFERROR(VLOOKUP(CONCATENATE($A67,BP$25),Datos!$B:$AV,44,FALSE),"0") -> 0.004793757 | BQ67: =IFERROR(VLOOKUP(CONCATENATE($A67,BQ$25),Datos!$B:$AV,44,FALSE),"0") -> 0.0095137421 | ... DA67: =IFERROR(VLOOKUP(CONCATENATE($A67,DA$25),Datos!$B:$AV,44,FALSE),"0") -> 0.011700844
A68: Total Calera : | B68: 0.01875 | C68: 0.027809442 | D68: 0.022208437 | E68: 0.0044734151 | F68: 0.0062865814 | G68: 0.0075831969 | H68: 0.0058948864 | I68: 0.0077020202 | J68: 0.015615187 | K68: 0.034210526 | L68: 0.017539143 | M68: 0.021457837 | N68: 0.015949473 | O68: 0.012962167 | P68: 0.01154008 | Q68: 0.013047015 | R68: 0.01216349 | S68: 0.011242672 | T68: 0.011270052 | U68: 0.014245672 | V68: 0.016317515 | W68: 0.013352702 | X68: 0.014204159 | Y68: 0.012242563 | Z68: 0.012454037 | AA68: 0.011890056 | AB68: 0.011140344 | AC68: 0.013527484 | AD68: 0.012268527 | AE68: 0.012369598 | AF68: 0.010963115 | AG68: 0.014316045 | AH68: 0.01286541 | AI68: 0.011816067 | AJ68: 0.015810903 | AK68: 0.015447659 | AL68: 0.011395731 | AM68: 0.012888987 | AN68: 0.017724646 | AO68: 0.017339772 | AP68: 0.013384495 | AQ68: 0.01298295 | AR68: 0.01564318 | AS68: 0.017854195 | AT68: 0.016793918 | AU68: 0.016600444 | AV68: 0.016435944 | AW68: 0.023015742 | AX68: 0.023876269 | AY68: 0.01973088 | AZ68: 0.03321536 | BA68: 0.016510579 | BB68: 0.018556701 | BC68: 0.019783935 | BD68: 0.017148046 | BE68: 0.01669609 | BF68: 0.014553515 | BG68: 0.021276276 | BH68: 0.019692014 | BI68: 0.022419488 | BJ68: 0.031513353 | BK68: 0.0039399625 | BL68: 0.0040124833 | BM68: 0.0058701082 | BN68: 0.015765586 | BO68: 0.012906629 | BP68: 0.014095429 | BQ68: 0.015089784 | BR68: 0.012374524 | BS68: 0.013700287 | BT68: 0.012605999 | BU68: 0.012521441 | BV68: 0.007788873 | BW68: 0.016403543 | BX68: 0.011602992 | BY68: 0.014988832 | BZ68: 0.01871442 | CA68: 0.013202674 | CB68: 0.014571429 | CC68: 0.014356066 | CD68: 0.012892527 | CE68: 0.016630503 | CF68: 0.018046745 | CG68: 0.014498016 | CH68: 0.015170447 | CI68: 0.019163159 | CJ68: 0.023763621 | CK68: 0.021728887 | CL68: 0.023889096 | CM68: 0.021128799 | CN68: 0.020036556 | CO68: 0.023135513 | CP68: 0.028318745 | CQ68: 0.031892751 | CR68: 0.022956817 | CS68: 0.030909091 | CT68: 0.016766647 | CU68: 0.019761136 | CV68: 0.021693649 | CW68: 0.023985799 | CX68: 0.033304031 | CY68: 0.027008801 | CZ68: 0.032139018 | DA68: 0.024027947
A70: PICH1A | B70: 0 | C70: 0 | D70: 0 | E70: 0 | F70: 0 | G70: 0 | H70: 0 | I70: 0 | J70: 0 | K70: 0 | L70: 0 | M70: 0 | N70: 0 | O70: 0 | P70: 0 | Q70: 0 | R70: 0 | S70: 0 | T70: 0 | U70: 0 | V70: 0 | W70: 0 | X70: 0 | Y70: 0 | Z70: 0 | AA70: 0 | AB70: 0 | AC70: 0 | AD70: 0 | AE70: 0 | AF70: 0 | AG70: 0 | AH70: 0 | AI70: 0 | AJ70: 0 | AK70: 0 | AL70: 0 | AM70: 0 | AN70: 0 | AO70: 0 | AP70: 0 | AQ70: 0 | AR70: 0 | AS70: 0 | AT70: 0 | AU70: 0 | AV70: 0 | AW70: 0 | AX70: 0 | AY70: 0 | AZ70: 0 | BA70: 0 | BB70: 0 | BC70: 0 | BD70: 0 | BE70: 0 | BF70: 0 | BG70: =IFERROR(VLOOKUP(CONCATENATE($A70,BG$25),Datos!$B:$AV,44,FALSE),"0") -> 0 | BH70: =IFERROR(VLOOKUP(CONCATENATE($A70,BH$25),Datos!$B:$AV,44,FALSE),"0") -> 0 | BI70: =IFERROR(VLOOKUP(CONCATENATE($A70,BI$25),Datos!$B:$AV,44,FALSE),"0") -> 0 | BJ70: =IFERROR(VLOOKUP(CONCATENATE($A70,BJ$25),Datos!$B:$AV,44,FALSE),"0") -> 0 | BK70: =IFERROR(VLOOKUP(CONCATENATE($A70,BK$25),Datos!$B:$AV,44,FALSE),"0") -> 0 | BL70: =IFERROR(VLOOKUP(CONCATENATE($A70,BL$25),Datos!$B:$AV,44,FALSE),"0") -> 0 | BM70: =IFERROR(VLOOKUP(CONCATENATE($A70,BM$25),Datos!$B:$AV,44,FALSE),"0") -> 0 | BN70: =IFERROR(VLOOKUP(CONCATENATE($A70,BN$25),Datos!$B:$AV,44,FALSE),"0") -> 0 | ... DA70: =IFERROR(VLOOKUP(CONCATENATE($A70,DA$25),Datos!$B:$AV,44,FALSE),"0") -> 0
A71: PICH2A | B71: 0 | C71: 0 | D71: 0 | E71: 0 | F71: 0 | G71: 0 | H71: 0 | I71: 0 | J71: 0 | K71: 0 | L71: 0 | M71: 0 | N71: 0 | O71: 0 | P71: 0 | Q71: 0 | R71: 0 | S71: 0 | T71: 0 | U71: 0 | V71: 0 | W71: 0 | X71: 0 | Y71: 0.0083022792 | Z71: 0.013444337 | AA71: 0.009137838 | AB71: 0.0065114998 | AC71: 0.010213461 | AD71: 0.0081427237 | AE71: 0.0056489168 | AF71: 0.010210835 | AG71: 0.0070607698 | AH71: 0.007177742 | AI71: 0.0093456335 | AJ71: 0.0087977863 | AK71: 0.033124307 | AL71: 0.012357473 | AM71: 0.01389288 | AN71: 0.01184572 | AO71: 0.01095109 | AP71: 0.0080850094 | AQ71: 0.0072179762 | AR71: 0.010452784 | AS71: 0.0098615379 | AT71: 0.0094899892 | AU71: 0.013689873 | AV71: 0.010399964 | AW71: 0.0168544 | AX71: 0.020880682 | AY71: 0.013011842 | AZ71: 0.014365732 | BA71: 0.019385543 | BB71: 0.023913555 | BC71: 0.013779716 | BD71: 0.014206788 | BE71: 0.012015324 | BF71: 0.010661459 | BG71: =IFERROR(VLOOKUP(CONCATENATE($A71,BG$25),Datos!$B:$AV,44,FALSE),"0") -> 0.015194891 | BH71: =IFERROR(VLOOKUP(CONCATENATE($A71,BH$25),Datos!$B:$AV,44,FALSE),"0") -> 0.01178547 | BI71: =IFERROR(VLOOKUP(CONCATENATE($A71,BI$25),Datos!$B:$AV,44,FALSE),"0") -> 0.012188168 | BJ71: =IFERROR(VLOOKUP(CONCATENATE($A71,BJ$25),Datos!$B:$AV,44,FALSE),"0") -> 0.012855306 | BK71: =IFERROR(VLOOKUP(CONCATENATE($A71,BK$25),Datos!$B:$AV,44,FALSE),"0") -> 0.012072435 | BL71: =IFERROR(VLOOKUP(CONCATENATE($A71,BL$25),Datos!$B:$AV,44,FALSE),"0") -> 0.012852484 | BM71: =IFERROR(VLOOKUP(CONCATENATE($A71,BM$25),Datos!$B:$AV,44,FALSE),"0") -> 0.01309795 | BN71: =IFERROR(VLOOKUP(CONCATENATE($A71,BN$25),Datos!$B:$AV,44,FALSE),"0") -> 0.014025683 | ... DA71: =IFERROR(VLOOKUP(CONCATENATE($A71,DA$25),Datos!$B:$AV,44,FALSE),"0") -> 0.021877532
A72: PICH3A | B72: 0.023755656 | C72: 0.028324154 | D72: 0.023111111 | E72: 0.021331227 | F72: 0.025197915 | G72: 0.019331341 | H72: 0.020705521 | I72: 0.023096664 | J72: 0.024903154 | K72: 0.018419033 | L72: 0.018516704 | M72: 0.019004525 | N72: 0.024027108 | O72: 0.024492359 | P72: 0.02631294 | Q72: 0.028008299 | R72: 0.030190862 | S72: 0.029473684 | T72: 0.03363472 | U72: 0.036527033 | V72: 0.033756028 | W72: 0.054545455 | X72: 0 | Y72: 0 | Z72: 0 | AA72: 0 | AB72: 0 | AC72: 0.019230769 | AD72: 0.0091883614 | AE72: 0.0084119296 | AF72: 0.0080346106 | AG72: 0.007839196 | AH72: 0.0062135191 | AI72: 0.0065592887 | AJ72: 0.0070219662 | AK72: 0.0070537168 | AL72: 0.0052106787 | AM72: 0.0054216867 | AN72: 0.0054109301 | AO72: 0.0057377999 | AP72: 0.0043225071 | AQ72: 0.0041931163 | AR72: 0.0038581665 | AS72: 0.0045413588 | AT72: 0.0053219798 | AU72: 0.0043697805 | AV72: 0.0088553197 | AW72: 0.011657102 | AX72: 0.0076775432 | AY72: 0.006298912 | AZ72: 0.0042583392 | BA72: 0.0044229667 | BB72: 0.0048843061 | BC72: 0.0066087382 | BD72: 0.0061179088 | BE72: 0.0060376898 | BF72: 0.006025563 | BG72: =IFERROR(VLOOKUP(CONCATENATE($A72,BG$25),Datos!$B:$AV,44,FALSE),"0") -> 0.0049632353 | BH72: =IFERROR(VLOOKUP(CONCATENATE($A72,BH$25),Datos!$B:$AV,44,FALSE),"0") -> 0.006601467 | BI72: =IFERROR(VLOOKUP(CONCATENATE($A72,BI$25),Datos!$B:$AV,44,FALSE),"0") -> 0.0073368032 | BJ72: =IFERROR(VLOOKUP(CONCATENATE($A72,BJ$25),Datos!$B:$AV,44,FALSE),"0") -> 0.0073331244 | BK72: =IFERROR(VLOOKUP(CONCATENATE($A72,BK$25),Datos!$B:$AV,44,FALSE),"0") -> 0.0078309509 | BL72: =IFERROR(VLOOKUP(CONCATENATE($A72,BL$25),Datos!$B:$AV,44,FALSE),"0") -> 0.0061288925 | BM72: =IFERROR(VLOOKUP(CONCATENATE($A72,BM$25),Datos!$B:$AV,44,FALSE),"0") -> 0.0068259386 | BN72: =IFERROR(VLOOKUP(CONCATENATE($A72,BN$25),Datos!$B:$AV,44,FALSE),"0") -> 0.0085714286 | ... DA72: =IFERROR(VLOOKUP(CONCATENATE($A72,DA$25),Datos!$B:$AV,44,FALSE),"0") -> 0.011858749
A73: PICH4A | B73: 0.017798873 | C73: 0.021487727 | D73: 0.013585509 | E73: 0.014526041 | F73: 0.011744556 | G73: 0.011634588 | H73: 0.0087572977 | I73: 0.0078568311 | J73: 0.0087527352 | K73: 0.011943843 | L73: 0.011482521 | M73: 0.0095595525 | N73: 0.00966149 | O73: 0.011322337 | P73: 0.0093769535 | Q73: 0.0089922923 | R73: 0.0097524381 | S73: 0.010188038 | T73: 0.0082644628 | U73: 0.011240165 | V73: 0.012202903 | W73: 0.0098340504 | X73: 0.011279027 | Y73: 0.0087254829 | Z73: 0.009260725 | AA73: 0.011100344 | AB73: 0.012363581 | AC73: 0.012375859 | AD73: 0.0175394 | AE73: 0.012362637 | AF73: 0.012920721 | AG73: 0.015393387 | AH73: 0.015894374 | AI73: 0.016052319 | AJ73: 0.014522293 | AK73: 0.017855533 | AL73: 0.015450644 | AM73: 0.020225632 | AN73: 0.017681729 | AO73: 0.018041002 | AP73: 0.021945044 | AQ73: 0.020389669 | AR73: 0.023127753 | AS73: 0.020068754 | AT73: 0.020921386 | AU73: 0.019282271 | AV73: 0.023658845 | AW73: 0.021151586 | AX73: 0.021641118 | AY73: 0.020640144 | AZ73: 0.02542496 | BA73: 0.024213358 | BB73: 0.020819839 | BC73: 0.3109405 | BD73: 0 | BE73: 0 | BF73: 0.013138686 | BG73: =IFERROR(VLOOKUP(CONCATENATE($A73,BG$25),Datos!$B:$AV,44,FALSE),"0") -> 0.015306122 | BH73: =IFERROR(VLOOKUP(CONCATENATE($A73,BH$25),Datos!$B:$AV,44,FALSE),"0") -> 0.014823965 | BI73: =IFERROR(VLOOKUP(CONCATENATE($A73,BI$25),Datos!$B:$AV,44,FALSE),"0") -> 0.012465374 | BJ73: =IFERROR(VLOOKUP(CONCATENATE($A73,BJ$25),Datos!$B:$AV,44,FALSE),"0") -> 0.011073516 | BK73: =IFERROR(VLOOKUP(CONCATENATE($A73,BK$25),Datos!$B:$AV,44,FALSE),"0") -> 0.014626714 | BL73: =IFERROR(VLOOKUP(CONCATENATE($A73,BL$25),Datos!$B:$AV,44,FALSE),"0") -> 0.013587836 | BM73: =IFERROR(VLOOKUP(CONCATENATE($A73,BM$25),Datos!$B:$AV,44,FALSE),"0") -> 0.016077581 | BN73: =IFERROR(VLOOKUP(CONCATENATE($A73,BN$25),Datos!$B:$AV,44,FALSE),"0") -> 0.014115433 | ... DA73: =IFERROR(VLOOKUP(CONCATENATE($A73,DA$25),Datos!$B:$AV,44,FALSE),"0") -> 0
A74: PICH5A | B74: 0.080145119 | C74: 0 | D74: 0 | E74: 0 | F74: 0.021014009 | G74: 0.011169718 | H74: 0.013253485 | I74: 0.01012724 | J74: 0.0074037512 | K74: 0.0066513385 | L74: 0.0060200669 | M74: 0.0074202325 | N74: 0.0066192694 | O74: 0.0091977517 | P74: 0.0090870846 | Q74: 0.0075815011 | R74: 0.0098327591 | S74: 0.010136891 | T74: 0.01050175 | U74: 0.012533728 | V74: 0.015642652 | W74: 0.016973853 | X74: 0.016409746 | Y74: 0.013888889 | Z74: 0.01424301 | AA74: 0.014910827 | AB74: 0.012689805 | AC74: 0.014993753 | AD74: 0.017844751 | AE74: 0.022115286 | AF74: 0.023153607 | AG74: 0.021382289 | AH74: 0.026669301 | AI74: 0.035985237 | AJ74: 0.030655179 | AK74: 0.030044183 | AL74: 0.029493545 | AM74: 0.063089195 | AN74: 0.04363358 | AO74: 0.043436293 | AP74: 0 | AQ74: 0 | AR74: 0 | AS74: 0 | AT74: 0 | AU74: 0 | AV74: 0 | AW74: 0.027607362 | AX74: 0.011433757 | AY74: 0.0063316583 | AZ74: 0.00806271 | BA74: 0.0047641104 | BB74: 0.0056345082 | BC74: 0.0078280318 | BD74: 0.003897309 | BE74: 0.0039372539 | BF74: 0.0042982509 | BG74: =IFERROR(VLOOKUP(CONCATENATE($A74,BG$25),Datos!$B:$AV,44,FALSE),"0") -> 0.005862845 | BH74: =IFERROR(VLOOKUP(CONCATENATE($A74,BH$25),Datos!$B:$AV,44,FALSE),"0") -> 0.0069734176 | BI74: =IFERROR(VLOOKUP(CONCATENATE($A74,BI$25),Datos!$B:$AV,44,FALSE),"0") -> 0.006497804 | BJ74: =IFERROR(VLOOKUP(CONCATENATE($A74,BJ$25),Datos!$B:$AV,44,FALSE),"0") -> 0.0059168061 | BK74: =IFERROR(VLOOKUP(CONCATENATE($A74,BK$25),Datos!$B:$AV,44,FALSE),"0") -> 0.0042727435 | BL74: =IFERROR(VLOOKUP(CONCATENATE($A74,BL$25),Datos!$B:$AV,44,FALSE),"0") -> 0.0058631922 | BM74: =IFERROR(VLOOKUP(CONCATENATE($A74,BM$25),Datos!$B:$AV,44,FALSE),"0") -> 0.0069267657 | BN74: =IFERROR(VLOOKUP(CONCATENATE($A74,BN$25),Datos!$B:$AV,44,FALSE),"0") -> 0.0059548872 | ... DA74: =IFERROR(VLOOKUP(CONCATENATE($A74,DA$25),Datos!$B:$AV,44,FALSE),"0") -> 0.010048775
A75: PICH1B | B75: 0 | C75: 0 | D75: 0 | E75: 0 | F75: 0 | G75: 0 | H75: 0 | I75: 0 | J75: 0 | K75: 0 | L75: 0 | M75: 0 | N75: 0 | O75: 0 | P75: 0 | Q75: 0 | R75: 0 | S75: 0 | T75: 0 | U75: 0 | V75: 0 | W75: 0 | X75: 0 | Y75: 0 | Z75: 0 | AA75: 0 | AB75: 0 | AC75: 0 | AD75: 0 | AE75: 0 | AF75: 0 | AG75: 0 | AH75: 0 | AI75: 0 | AJ75: 0 | AK75: 0 | AL75: 0 | AM75: 0 | AN75: 0 | AO75: 0 | AP75: 0 | AQ75: 0 | AR75: 0 | AS75: 0 | AT75: 0 | AU75: 0 | AV75: 0 | AW75: 0 | AX75: 0 | AY75: 0 | AZ75: 0 | BA75: 0 | BB75: 0 | BC75: 0 | BD75: 0 | BE75: 0 | BF75: 0 | BG75: =IFERROR(VLOOKUP(CONCATENATE($A75,BG$25),Datos!$B:$AV,44,FALSE),"0") -> 0 | BH75: =IFERROR(VLOOKUP(CONCATENATE($A75,BH$25),Datos!$B:$AV,44,FALSE),"0") -> 0 | BI75: =IFERROR(VLOOKUP(CONCATENATE($A75,BI$25),Datos!$B:$AV,44,FALSE),"0") -> 0 | BJ75: =IFERROR(VLOOKUP(CONCATENATE($A75,BJ$25),Datos!$B:$AV,44,FALSE),"0") -> 0 | BK75: =IFERROR(VLOOKUP(CONCATENATE($A75,BK$25),Datos!$B:$AV,44,FALSE),"0") -> 0 | BL75: =IFERROR(VLOOKUP(CONCATENATE($A75,BL$25),Datos!$B:$AV,44,FALSE),"0") -> 0 | BM75: =IFERROR(VLOOKUP(CONCATENATE($A75,BM$25),Datos!$B:$AV,44,FALSE),"0") -> 0 | BN75: =IFERROR(VLOOKUP(CONCATENATE($A75,BN$25),Datos!$B:$AV,44,FALSE),"0") -> 0 | ... DA75: =IFERROR(VLOOKUP(CONCATENATE($A75,DA$25),Datos!$B:$AV,44,FALSE),"0") -> 0.013176895
A76: PICH2B | B76: 0.022210486 | C76: 0.022890284 | D76: 0.025552704 | E76: 0.02572054 | F76: 0.023311273 | G76: 0.031296 | H76: 0.024870984 | I76: 0.022241281 | J76: 0.034609334 | K76: 0.025178026 | L76: 0.027234743 | M76: 0.017077586 | N76: 0.025635761 | O76: 0.028018466 | P76: 0.02377188 | Q76: 0.057280617 | R76: 0.024585531 | S76: 0.030026377 | T76: 0.033408149 | U76: 0.06572337 | V76: 0.044390036 | W76: 0 | X76: 0.71428571 | Y76: 0.025821168 | Z76: 0.024798268 | AA76: 0.027985429 | AB76: 0.033305509 | AC76: 0.024871148 | AD76: 0.029274611 | AE76: 0.034088438 | AF76: 0.023923763 | AG76: 0.021312423 | AH76: 0.039986996 | AI76: 0.04699267 | AJ76: 0.035950247 | AK76: 0.4376013 | AL76: 0.050023652 | AM76: 0 | AN76: 0 | AO76: 0 | AP76: 0 | AQ76: 0 | AR76: 0 | AS76: 0 | AT76: 0 | AU76: 0 | AV76: 0 | AW76: 0 | AX76: 0 | AY76: 0 | AZ76: 0 | BA76: 0 | BB76: 0 | BC76: 0 | BD76: 0 | BE76: 0 | BF76: 0 | BG76: =IFERROR(VLOOKUP(CONCATENATE($A76,BG$25),Datos!$B:$AV,44,FALSE),"0") -> 0 | BH76: =IFERROR(VLOOKUP(CONCATENATE($A76,BH$25),Datos!$B:$AV,44,FALSE),"0") -> 0 | BI76: =IFERROR(VLOOKUP(CONCATENATE($A76,BI$25),Datos!$B:$AV,44,FALSE),"0") -> 0 | BJ76: =IFERROR(VLOOKUP(CONCATENATE($A76,BJ$25),Datos!$B:$AV,44,FALSE),"0") -> 0 | BK76: =IFERROR(VLOOKUP(CONCATENATE($A76,BK$25),Datos!$B:$AV,44,FALSE),"0") -> 0 | BL76: =IFERROR(VLOOKUP(CONCATENATE($A76,BL$25),Datos!$B:$AV,44,FALSE),"0") -> 0 | BM76: =IFERROR(VLOOKUP(CONCATENATE($A76,BM$25),Datos!$B:$AV,44,FALSE),"0") -> 0 | BN76: =IFERROR(VLOOKUP(CONCATENATE($A76,BN$25),Datos!$B:$AV,44,FALSE),"0") -> 0 | ... DA76: =IFERROR(VLOOKUP(CONCATENATE($A76,DA$25),Datos!$B:$AV,44,FALSE),"0") -> 0.023809524
A77: PICH3B | B77: 0.027603975 | C77: 0.022288262 | D77: 0.1483435 | E77: 0 | F77: 0 | G77: 0 | H77: 0.014240506 | I77: 0.014418456 | J77: 0.015212982 | K77: 0.007991121 | L77: 0.0075349839 | M77: 0.0097826087 | N77: 0.011484919 | O77: 0.013592007 | P77: 0.014055742 | Q77: 0.013491568 | R77: 0.015252083 | S77: 0.011961016 | T77: 0.010823812 | U77: 0.013967926 | V77: 0.013547416 | W77: 0.018903151 | X77: 0.017915541 | Y77: 0.012474973 | Z77: 0.012176789 | AA77: 0.0093610698 | AB77: 0.015437393 | AC77: 0.015687251 | AD77: 0.016040738 | AE77: 0.014530551 | AF77: 0.014550429 | AG77: 0.017281106 | AH77: 0.015979708 | AI77: 0.01850508 | AJ77: 0.019027484 | AK77: 0.015983763 | AL77: 0.016946873 | AM77: 0.018796502 | AN77: 0.01618913 | AO77: 0.017457649 | AP77: 0.016243393 | AQ77: 0.016285382 | AR77: 0.018771331 | AS77: 0 | AT77: 0 | AU77: 0 | AV77: 0 | AW77: 0 | AX77: 0 | AY77: 0 | AZ77: 0 | BA77: 0 | BB77: 0 | BC77: 0 | BD77: 0 | BE77: 0 | BF77: 0 | BG77: =IFERROR(VLOOKUP(CONCATENATE($A77,BG$25),Datos!$B:$AV,44,FALSE),"0") -> 0 | BH77: =IFERROR(VLOOKUP(CONCATENATE($A77,BH$25),Datos!$B:$AV,44,FALSE),"0") -> 0 | BI77: =IFERROR(VLOOKUP(CONCATENATE($A77,BI$25),Datos!$B:$AV,44,FALSE),"0") -> 0 | BJ77: =IFERROR(VLOOKUP(CONCATENATE($A77,BJ$25),Datos!$B:$AV,44,FALSE),"0") -> 0 | BK77: =IFERROR(VLOOKUP(CONCATENATE($A77,BK$25),Datos!$B:$AV,44,FALSE),"0") -> 0 | BL77: =IFERROR(VLOOKUP(CONCATENATE($A77,BL$25),Datos!$B:$AV,44,FALSE),"0") -> 0 | BM77: =IFERROR(VLOOKUP(CONCATENATE($A77,BM$25),Datos!$B:$AV,44,FALSE),"0") -> 0 | BN77: =IFERROR(VLOOKUP(CONCATENATE($A77,BN$25),Datos!$B:$AV,44,FALSE),"0") -> 0 | ... DA77: =IFERROR(VLOOKUP(CONCATENATE($A77,DA$25),Datos!$B:$AV,44,FALSE),"0") -> 0.0030548417
A78: PICH4B | B78: 0.025018711 | C78: 0.026711587 | D78: 0.022468251 | E78: 0.025097602 | F78: 0.02531788 | G78: 0.023087218 | H78: 0.018942937 | I78: 0.013813459 | J78: 0.016900203 | K78: 0.029561348 | L78: 0.031343284 | M78: 0.02688239 | N78: 0.025465292 | O78: 0.023776576 | P78: 0.034793814 | Q78: 0.027634334 | R78: 0.029081203 | S78: 0.031231926 | T78: 0.026042553 | U78: 0.042998897 | V78: 0.059318469 | W78: 0.049927007 | X78: 0.049892208 | Y78: 0.10953347 | Z78: 0 | AA78: 0 | AB78: 0 | AC78: 0.030674847 | AD78: 0.026877133 | AE78: 0.03001053 | AF78: 0.029446758 | AG78: 0.031694791 | AH78: 0.028946663 | AI78: 0.028650519 | AJ78: 0.027355623 | AK78: 0.033074724 | AL78: 0.031699442 | AM78: 0.034562768 | AN78: 0.035554385 | AO78: 0.039112843 | AP78: 0.040864256 | AQ78: 0.046771654 | AR78: 0.038580931 | AS78: 0.042821985 | AT78: 0.041037736 | AU78: 0.043506284 | AV78: 0.049343745 | AW78: 0.036622584 | AX78: 0.031685492 | AY78: 0.24657534 | AZ78: 0 | BA78: 0 | BB78: 0 | BC78: 0 | BD78: 0 | BE78: 0 | BF78: 0 | BG78: =IFERROR(VLOOKUP(CONCATENATE($A78,BG$25),Datos!$B:$AV,44,FALSE),"0") -> 0.024731451 | BH78: =IFERROR(VLOOKUP(CONCATENATE($A78,BH$25),Datos!$B:$AV,44,FALSE),"0") -> 0.025957379 | BI78: =IFERROR(VLOOKUP(CONCATENATE($A78,BI$25),Datos!$B:$AV,44,FALSE),"0") -> 0.028710125 | BJ78: =IFERROR(VLOOKUP(CONCATENATE($A78,BJ$25),Datos!$B:$AV,44,FALSE),"0") -> 0.03512299 | BK78: =IFERROR(VLOOKUP(CONCATENATE($A78,BK$25),Datos!$B:$AV,44,FALSE),"0") -> 0.030269058 | BL78: =IFERROR(VLOOKUP(CONCATENATE($A78,BL$25),Datos!$B:$AV,44,FALSE),"0") -> 0.029593095 | BM78: =IFERROR(VLOOKUP(CONCATENATE($A78,BM$25),Datos!$B:$AV,44,FALSE),"0") -> 0.039956949 | BN78: =IFERROR(VLOOKUP(CONCATENATE($A78,BN$25),Datos!$B:$AV,44,FALSE),"0") -> 0.04074633 | ... DA78: =IFERROR(VLOOKUP(CONCATENATE($A78,DA$25),Datos!$B:$AV,44,FALSE),"0") -> 0.01800554
A79: PICH5B | B79: 0.0058778127 | C79: 0.0058607625 | D79: 0.0069696789 | E79: 0.0057982898 | F79: 0.0080722315 | G79: 0.0072729533 | H79: 0.010326711 | I79: 0.0075839653 | J79: 0.0065954198 | K79: 0.0060728745 | L79: 0.0077399381 | M79: 0.0054026473 | N79: 0.0043946654 | O79: 0.0087251575 | P79: 0.0093105337 | Q79: 0.0088441223 | R79: 0.011087157 | S79: 0.013509288 | T79: 0.0153778 | U79: 0.020118797 | V79: 0.015399357 | W79: 0.010006949 | X79: 0.0125672 | Y79: 0.014885097 | Z79: 0.016174444 | AA79: 0.018201002 | AB79: 0.014627151 | AC79: 0.01362862 | AD79: 0.009558368 | AE79: 0.011420354 | AF79: 0.01006798 | AG79: 0.0089633318 | AH79: 0.01189602 | AI79: 0.011539283 | AJ79: 0.012540334 | AK79: 0.0091251448 | AL79: 0.011637095 | AM79: 0.11944046 | AN79: 0.089478045 | AO79: 0 | AP79: 0 | AQ79: 0.019329897 | AR79: 0.029972752 | AS79: 0.017731711 | AT79: 0.013549682 | AU79: 0.014458993 | AV79: 0.018593295 | AW79: 0.016939582 | AX79: 0.017537914 | AY79: 0.01632182 | AZ79: 0.015070569 | BA79: 0.015290025 | BB79: 0.015891701 | BC79: 0.02052885 | BD79: 0.023889577 | BE79: 0.01891966 | BF79: 0.01439744 | BG79: =IFERROR(VLOOKUP(CONCATENATE($A79,BG$25),Datos!$B:$AV,44,FALSE),"0") -> 0.015570934 | BH79: =IFERROR(VLOOKUP(CONCATENATE($A79,BH$25),Datos!$B:$AV,44,FALSE),"0") -> 0.016338386 | BI79: =IFERROR(VLOOKUP(CONCATENATE($A79,BI$25),Datos!$B:$AV,44,FALSE),"0") -> 0.02331822 | BJ79: =IFERROR(VLOOKUP(CONCATENATE($A79,BJ$25),Datos!$B:$AV,44,FALSE),"0") -> 0.022532499 | BK79: =IFERROR(VLOOKUP(CONCATENATE($A79,BK$25),Datos!$B:$AV,44,FALSE),"0") -> 0.022121384 | BL79: =IFERROR(VLOOKUP(CONCATENATE($A79,BL$25),Datos!$B:$AV,44,FALSE),"0") -> 0.023986294 | BM79: =IFERROR(VLOOKUP(CONCATENATE($A79,BM$25),Datos!$B:$AV,44,FALSE),"0") -> 0.026821765 | BN79: =IFERROR(VLOOKUP(CONCATENATE($A79,BN$25),Datos!$B:$AV,44,FALSE),"0") -> 0.033395176 | ... DA79: =IFERROR(VLOOKUP(CONCATENATE($A79,DA$25),Datos!$B:$AV,44,FALSE),"0") -> 0.0063849913
A80: PICH3C | B80: 0.0085459264 | C80: 0.0086544009 | D80: 0.012062803 | E80: 0.0099074014 | F80: 0.012666325 | G80: 0.009662751 | H80: 0.0079736742 | I80: 0.0073608053 | J80: 0.0085905186 | K80: 0.0075221808 | L80: 0.0063449337 | M80: 0.0063449337 | N80: 0.0058377116 | O80: 0.0089832313 | P80: 0.0061266167 | Q80: 0.0067587864 | R80: 0.0068217994 | S80: 0.0070488722 | T80: 0.0082758621 | U80: 0.0090474994 | V80: 0.0079735825 | W80: 0.0085903084 | X80: 0.0065378469 | Y80: 0.0079178886 | Z80: 0.0066293459 | AA80: 0.0098727512 | AB80: 0.0096926892 | AC80: 0.0073957866 | AD80: 0.0085019287 | AE80: 0.0081509434 | AF80: 0.27365409 | AG80: 0 | AH80: 0 | AI80: 0.014319809 | AJ80: 0.015318146 | AK80: 0.0072438772 | AL80: 0.0071029267 | AM80: 0.0077367927 | AN80: 0.0060529069 | AO80: 0.0074480891 | AP80: 0.0075543686 | AQ80: 0.0085470085 | AR80: 0.0083727421 | AS80: 0.0077413647 | AT80: 0.0089882461 | AU80: 0.0071607183 | AV80: 0.00598106 | AW80: 0.023343435 | AX80: 0.015338086 | AY80: 0.011562179 | AZ80: 0.012248819 | BA80: 0.014241832 | BB80: 0.014052045 | BC80: 0.019101227 | BD80: 0.016562385 | BE80: 0.019634579 | BF80: 0.012464358 | BG80: =IFERROR(VLOOKUP(CONCATENATE($A80,BG$25),Datos!$B:$AV,44,FALSE),"0") -> 0.016933901 | BH80: =IFERROR(VLOOKUP(CONCATENATE($A80,BH$25),Datos!$B:$AV,44,FALSE),"0") -> 0.017209844 | BI80: =IFERROR(VLOOKUP(CONCATENATE($A80,BI$25),Datos!$B:$AV,44,FALSE),"0") -> 0.019653956 | BJ80: =IFERROR(VLOOKUP(CONCATENATE($A80,BJ$25),Datos!$B:$AV,44,FALSE),"0") -> 0.017960813 | BK80: =IFERROR(VLOOKUP(CONCATENATE($A80,BK$25),Datos!$B:$AV,44,FALSE),"0") -> 0.017552413 | BL80: =IFERROR(VLOOKUP(CONCATENATE($A80,BL$25),Datos!$B:$AV,44,FALSE),"0") -> 0.016508713 | BM80: =IFERROR(VLOOKUP(CONCATENATE($A80,BM$25),Datos!$B:$AV,44,FALSE),"0") -> 0.017129509 | BN80: =IFERROR(VLOOKUP(CONCATENATE($A80,BN$25),Datos!$B:$AV,44,FALSE),"0") -> 0.014704618 | ... DA80: =IFERROR(VLOOKUP(CONCATENATE($A80,DA$25),Datos!$B:$AV,44,FALSE),"0") -> 0.0040537932
A81: PICH5C | B81: 0.013702801 | C81: 0.014091398 | D81: 0.015172551 | E81: 0.014824145 | F81: 0.016295026 | G81: 0.01637147 | H81: 0.016934046 | I81: 0.015852823 | J81: 0.018662519 | K81: 0.041772152 | L81: 0 | M81: 0 | N81: 0 | O81: 0 | P81: 0.0086858613 | Q81: 0.0098213068 | R81: 0.0073917635 | S81: 0.0099184483 | T81: 0.0085768742 | U81: 0.011749347 | V81: 0.01482244 | W81: 0.013816926 | X81: 0.015801795 | Y81: 0.01241624 | Z81: 0.013785181 | AA81: 0.016281792 | AB81: 0.0097884121 | AC81: 0.011806256 | AD81: 0.011066708 | AE81: 0.014933112 | AF81: 0.011760862 | AG81: 0.014094157 | AH81: 0.027633048 | AI81: 0.018413276 | AJ81: 0.019509412 | AK81: 0.025992085 | AL81: 0.032477947 | AM81: 0.023716572 | AN81: 0.017244526 | AO81: 0.024633586 | AP81: 0.029103304 | AQ81: 0.018329939 | AR81: 0.032228446 | AS81: 0.02417786 | AT81: 0.029025801 | AU81: 0.02473997 | AV81: 0.024261015 | AW81: 0.020815987 | AX81: 0.027410372 | AY81: 0.034615385 | AZ81: 0 | BA81: 0 | BB81: 0 | BC81: 0 | BD81: 0 | BE81: 0 | BF81: 0 | BG81: =IFERROR(VLOOKUP(CONCATENATE($A81,BG$25),Datos!$B:$AV,44,FALSE),"0") -> 0 | BH81: =IFERROR(VLOOKUP(CONCATENATE($A81,BH$25),Datos!$B:$AV,44,FALSE),"0") -> 0.25 | BI81: =IFERROR(VLOOKUP(CONCATENATE($A81,BI$25),Datos!$B:$AV,44,FALSE),"0") -> 0.2 | BJ81: =IFERROR(VLOOKUP(CONCATENATE($A81,BJ$25),Datos!$B:$AV,44,FALSE),"0") -> 0.017454545 | BK81: =IFERROR(VLOOKUP(CONCATENATE($A81,BK$25),Datos!$B:$AV,44,FALSE),"0") -> 0.0066334992 | BL81: =IFERROR(VLOOKUP(CONCATENATE($A81,BL$25),Datos!$B:$AV,44,FALSE),"0") -> 0.0071851507 | BM81: =IFERROR(VLOOKUP(CONCATENATE($A81,BM$25),Datos!$B:$AV,44,FALSE),"0") -> 0.0073759499 | BN81: =IFERROR(VLOOKUP(CONCATENATE($A81,BN$25),Datos!$B:$AV,44,FALSE),"0") -> 0.0067954697 | ... DA81: =IFERROR(VLOOKUP(CONCATENATE($A81,DA$25),Datos!$B:$AV,44,FALSE),"0") -> 0.014619019
A82: PICH5D | B82: 0.015054142 | C82: 0.012594666 | D82: 0.014532166 | E82: 0.012225888 | F82: 0.012912482 | G82: 0.07546482 | H82: 0.013747454 | I82: 0.014785262 | J82: 0.012140288 | K82: 0.012169952 | L82: 0.011147812 | M82: 0.015033198 | N82: 0.016002134 | O82: 0.011126679 | P82: 0.015222366 | Q82: 0.016088917 | R82: 0.016959315 | S82: 0.012924844 | T82: 0.01863354 | U82: 0.023780488 | V82: 0.02246196 | W82: 0.01545654 | X82: 0.019427002 | Y82: 0.015494978 | Z82: 0.016925247 | AA82: 0.017093244 | AB82: 0.017582808 | AC82: 0.016360803 | AD82: 0.017926501 | AE82: 0.02531137 | AF82: 0.021443463 | AG82: 0.040415704 | AH82: 0.065008026 | AI82: 0 | AJ82: 0 | AK82: 0 | AL82: 0 | AM82: 0 | AN82: 0 | AO82: 0.013901147 | AP82: 0.011276022 | AQ82: 0.0076099211 | AR82: 0.0076635881 | AS82: 0.0067109924 | AT82: 0.0092485549 | AU82: 0.0076391415 | AV82: 0.006842372 | AW82: 0.00583933 | AX82: 0.00659945 | AY82: 0.007160781 | AZ82: 0.006993425 | BA82: 0.0056738582 | BB82: 0.0081590717 | BC82: 0.010558423 | BD82: 0.0088384527 | BE82: 0.0086626963 | BF82: 0.0092146471 | BG82: =IFERROR(VLOOKUP(CONCATENATE($A82,BG$25),Datos!$B:$AV,44,FALSE),"0") -> 0.0095480586 | BH82: =IFERROR(VLOOKUP(CONCATENATE($A82,BH$25),Datos!$B:$AV,44,FALSE),"0") -> 0.010054261 | BI82: =IFERROR(VLOOKUP(CONCATENATE($A82,BI$25),Datos!$B:$AV,44,FALSE),"0") -> 0.012740814 | BJ82: =IFERROR(VLOOKUP(CONCATENATE($A82,BJ$25),Datos!$B:$AV,44,FALSE),"0") -> 0.0070913389 | BK82: =IFERROR(VLOOKUP(CONCATENATE($A82,BK$25),Datos!$B:$AV,44,FALSE),"0") -> 0.0051780349 | BL82: =IFERROR(VLOOKUP(CONCATENATE($A82,BL$25),Datos!$B:$AV,44,FALSE),"0") -> 0.0066265799 | BM82: =IFERROR(VLOOKUP(CONCATENATE($A82,BM$25),Datos!$B:$AV,44,FALSE),"0") -> 0.0064953811 | BN82: =IFERROR(VLOOKUP(CONCATENATE($A82,BN$25),Datos!$B:$AV,44,FALSE),"0") -> 0.008257772 | ... DA82: =IFERROR(VLOOKUP(CONCATENATE($A82,DA$25),Datos!$B:$AV,44,FALSE),"0") -> 0.018099548
A83: PICH1Aco | B83: 0.33136095 | C83: 0.37423313 | D83: 0.35294118 | E83: 0.42857143 | F83: #DIV/0! | G83: #DIV/0! | H83: #DIV/0! | I83: 0.029534251 | J83: 0.5 | K83: 0.041591784 | L83: 0.057667934 | M83: 0.020818662 | N83: 0.044852941 | O83: 0.025687799 | P83: 0.023152553 | Q83: 0.024810845 | R83: 0.020570866 | S83: 0.0187637 | T83: 0.019724771 | U83: 0.024956852 | V83: 0.021925643 | W83: 0.021925643 | X83: 0.021925643 | Y83: 0.021925643 | Z83: 0.021925643 | AA83: 0.021925643 | AB83: 0.021925643 | AC83: 0.021925643 | AD83: 0.021925643 | AE83: 0.021925643 | AF83: 0.021925643 | AG83: 0.021925643 | AH83: 0.021925643 | AI83: 0.021925643 | AJ83: 0.021925643 | AK83: 0.021925643 | AL83: 0.021925643 | AM83: 0.021925643 | AN83: 0.021925643 | AO83: 0.021925643 | AP83: 0.021925643 | AQ83: 0.021604014 | AR83: 0.024782609 | AS83: 0.031061991 | AT83: 0.041624285 | AU83: 0.027808989 | AV83: 0.025623664 | AW83: 0.028158275 | AX83: 0.024204509 | AY83: 0.021303447 | AZ83: 0.022202407 | BA83: 0.016154099 | BB83: 0.021285604 | BC83: 0.029472596 | BD83: 0.020314254 | BE83: #DIV/0! | BF83: #DIV/0! | BG83: =IFERROR(VLOOKUP(CONCATENATE($A83,BG$25),Datos!$B:$AV,44,FALSE),"0") -> 0.66666667 | BH83: =IFERROR(VLOOKUP(CONCATENATE($A83,BH$25),Datos!$B:$AV,44,FALSE),"0") -> 0.035290443 | BI83: =IFERROR(VLOOKUP(CONCATENATE($A83,BI$25),Datos!$B:$AV,44,FALSE),"0") -> 0.027047333 | BJ83: =IFERROR(VLOOKUP(CONCATENATE($A83,BJ$25),Datos!$B:$AV,44,FALSE),"0") -> 0.018813131 | BK83: =IFERROR(VLOOKUP(CONCATENATE($A83,BK$25),Datos!$B:$AV,44,FALSE),"0") -> 0.02280149 | BL83: =IFERROR(VLOOKUP(CONCATENATE($A83,BL$25),Datos!$B:$AV,44,FALSE),"0") -> 0.037247475 | BM83: =IFERROR(VLOOKUP(CONCATENATE($A83,BM$25),Datos!$B:$AV,44,FALSE),"0") -> 0.020521739 | BN83: =IFERROR(VLOOKUP(CONCATENATE($A83,BN$25),Datos!$B:$AV,44,FALSE),"0") -> 0.025336927 | ... DA83: =IFERROR(VLOOKUP(CONCATENATE($A83,DA$25),Datos!$B:$AV,44,FALSE),"0") -> 0.015165877
A84: PICH1Aco2 | B84: 0.33136095 | C84: 0.37423313 | D84: 0.35294118 | E84: 0.42857143 | F84: 0 | G84: 0 | H84: 0 | I84: 0.029534251 | J84: 0.5 | K84: 0.041591784 | L84: 0.057667934 | M84: 0.020818662 | N84: 0.044852941 | O84: 0.025687799 | P84: 0.023152553 | Q84: 0.024810845 | R84: 0.020570866 | S84: 0.0187637 | T84: 0.019724771 | U84: 0.024956852 | V84: 0.021925643 | W84: 0.024562656 | X84: 0.031348191 | Y84: 0.023729969 | Z84: 0.024427169 | AA84: 0.017549561 | AB84: 0.021915082 | AC84: 0.025173559 | AD84: 0.022525788 | AE84: 0.028233216 | AF84: 0.024958895 | AG84: 0.024111763 | AH84: 0.025964765 | AI84: 0.027091413 | AJ84: 0.027424294 | AK84: 0.019832354 | AL84: 0.027336598 | AM84: 0.029760343 | AN84: 0.016789947 | AO84: 0.027561714 | AP84: 0.022482652 | AQ84: 0.021604014 | AR84: 0.024782609 | AS84: 0.031061991 | AT84: 0.041624285 | AU84: 0.027808989 | AV84: 0.025623664 | AW84: 0.028158275 | AX84: 0.024204509 | AY84: 0.021303447 | AZ84: 0.022202407 | BA84: 0.016154099 | BB84: 0.021285604 | BC84: 0.029472596 | BD84: 0.020314254 | BE84: 0 | BF84: 0 | BG84: =IFERROR(VLOOKUP(CONCATENATE($A84,BG$25),Datos!$B:$AV,44,FALSE),"0") -> 0.031537277 | BH84: =IFERROR(VLOOKUP(CONCATENATE($A84,BH$25),Datos!$B:$AV,44,FALSE),"0") -> 0.048431373 | BI84: =IFERROR(VLOOKUP(CONCATENATE($A84,BI$25),Datos!$B:$AV,44,FALSE),"0") -> 0.027543614 | BJ84: =IFERROR(VLOOKUP(CONCATENATE($A84,BJ$25),Datos!$B:$AV,44,FALSE),"0") -> 0.024717195 | BK84: =IFERROR(VLOOKUP(CONCATENATE($A84,BK$25),Datos!$B:$AV,44,FALSE),"0") -> 0.082176771 | BL84: =IFERROR(VLOOKUP(CONCATENATE($A84,BL$25),Datos!$B:$AV,44,FALSE),"0") -> 0.023343892 | BM84: =IFERROR(VLOOKUP(CONCATENATE($A84,BM$25),Datos!$B:$AV,44,FALSE),"0") -> 0.37924528 | BN84: =IFERROR(VLOOKUP(CONCATENATE($A84,BN$25),Datos!$B:$AV,44,FALSE),"0") -> 0.23515439 | ... DA84: =IFERROR(VLOOKUP(CONCATENATE($A84,DA$25),Datos!$B:$AV,44,FALSE),"0") -> 0.01563734
A85: PICH1Bco | B85: 0.035934292 | C85: 0.041650033 | D85: 0.042590743 | E85: 0.041862046 | F85: 0.044574013 | G85: 0.016092637 | H85: 0.022160952 | I85: 0 | J85: 0.034275794 | K85: 0.051899827 | L85: 0.034207002 | M85: 0.031195579 | N85: 0.039248176 | O85: 0.038303969 | P85: 0.044283604 | Q85: 0.037518435 | R85: 0.036220472 | S85: 0.032282385 | T85: 0.025384371 | U85: 0.033469503 | V85: 0.033500043 | W85: 0.044091537 | X85: 0.038696921 | Y85: 0.070447284 | Z85: 0.028094656 | AA85: 0.03131524 | AB85: 0.042510572 | AC85: 0.035100165 | AD85: 0.040720379 | AE85: 0.040965689 | AF85: 0.054114326 | AG85: 0.043679632 | AH85: 0.036331445 | AI85: 0.048566308 | AJ85: 0.03637477 | AK85: 0.036369012 | AL85: 0.25 | AM85: 0.049527085 | AN85: 0.039399293 | AO85: 0.031860829 | AP85: 0.057312253 | AQ85: 0.029057187 | AR85: 0.054126056 | AS85: 0.046211251 | AT85: 0.034392324 | AU85: 0.031550897 | AV85: 0.047376141 | AW85: 0.030123023 | AX85: 0.039593365 | AY85: 0.036442669 | AZ85: 0.10366795 | BA85: 0.023659209 | BB85: 0.034253092 | BC85: 0.020386175 | BD85: 0.028930582 | BE85: 0.020776272 | BF85: 0.025469821 | BG85: =IFERROR(VLOOKUP(CONCATENATE($A85,BG$25),Datos!$B:$AV,44,FALSE),"0") -> 0.0096024465 | BH85: =IFERROR(VLOOKUP(CONCATENATE($A85,BH$25),Datos!$B:$AV,44,FALSE),"0") -> 0.0098743268 | BI85: =IFERROR(VLOOKUP(CONCATENATE($A85,BI$25),Datos!$B:$AV,44,FALSE),"0") -> 0.004539057 | BJ85: =IFERROR(VLOOKUP(CONCATENATE($A85,BJ$25),Datos!$B:$AV,44,FALSE),"0") -> 0.0046689304 | BK85: =IFERROR(VLOOKUP(CONCATENATE($A85,BK$25),Datos!$B:$AV,44,FALSE),"0") -> 0.0046987286 | BL85: =IFERROR(VLOOKUP(CONCATENATE($A85,BL$25),Datos!$B:$AV,44,FALSE),"0") -> 0.0088039129 | BM85: =IFERROR(VLOOKUP(CONCATENATE($A85,BM$25),Datos!$B:$AV,44,FALSE),"0") -> 0.0051282051 | BN85: =IFERROR(VLOOKUP(CONCATENATE($A85,BN$25),Datos!$B:$AV,44,FALSE),"0") -> 0.0070859167 | ... DA85: =IFERROR(VLOOKUP(CONCATENATE($A85,DA$25),Datos!$B:$AV,44,FALSE),"0") -> 0.03030303
A86: PICH4Bco | B86: 0.0088977956 | C86: 0.014160839 | D86: 0.0067772891 | E86: 0.010725552 | F86: 0.0057915058 | G86: 0.0081146409 | H86: 0.0066099149 | I86: 0.045811712 | J86: 0.011557789 | K86: 0.01495491 | L86: 0.011896008 | M86: 0.0070657955 | N86: 0.012845907 | O86: 0.0083618054 | P86: 0.006535533 | Q86: 0.17837838 | R86: 0.0058252427 | S86: 0 | T86: 0.023809524 | U86: 0.052631579 | V86: 0.0064620355 | W86: 0.0069167644 | X86: 0.0082938389 | Y86: 0.0065366972 | Z86: 0.01225142 | AA86: 0.0068613815 | AB86: 0.0052495697 | AC86: 0.0069247952 | AD86: 0.011229236 | AE86: 0.0091374893 | AF86: 0.0080034423 | AG86: 0.0047789725 | AH86: 0.0066471163 | AI86: 0.0071594878 | AJ86: 0.012668744 | AK86: 0.011248893 | AL86: 0.0087890625 | AM86: 0.035294118 | AN86: 0.0072647221 | AO86: 0.013449367 | AP86: 0.0096804511 | AQ86: 0 | AR86: 0 | AS86: 0 | AT86: 0 | AU86: 0 | AV86: 0 | AW86: 0.05 | AX86: 0.020864382 | AY86: 0.013768116 | AZ86: 0.011868201 | BA86: 0.017791484 | BB86: 0.010926119 | BC86: 0.0084656085 | BD86: 0.0049435028 | BE86: 0.0077725686 | BF86: 0.005520774 | BG86: =IFERROR(VLOOKUP(CONCATENATE($A86,BG$25),Datos!$B:$AV,44,FALSE),"0") -> 0.042305334 | BH86: =IFERROR(VLOOKUP(CONCATENATE($A86,BH$25),Datos!$B:$AV,44,FALSE),"0") -> 0.041800643 | BI86: =IFERROR(VLOOKUP(CONCATENATE($A86,BI$25),Datos!$B:$AV,44,FALSE),"0") -> 0.040952048 | BJ86: =IFERROR(VLOOKUP(CONCATENATE($A86,BJ$25),Datos!$B:$AV,44,FALSE),"0") -> 0.02587269 | BK86: =IFERROR(VLOOKUP(CONCATENATE($A86,BK$25),Datos!$B:$AV,44,FALSE),"0") -> 0.044040545 | BL86: =IFERROR(VLOOKUP(CONCATENATE($A86,BL$25),Datos!$B:$AV,44,FALSE),"0") -> 0.053703054 | BM86: =IFERROR(VLOOKUP(CONCATENATE($A86,BM$25),Datos!$B:$AV,44,FALSE),"0") -> 0.057993249 | BN86: =IFERROR(VLOOKUP(CONCATENATE($A86,BN$25),Datos!$B:$AV,44,FALSE),"0") -> 0.058043712 | ... DA86: =IFERROR(VLOOKUP(CONCATENATE($A86,DA$25),Datos!$B:$AV,44,FALSE),"0") -> 0.039130435
A87: PICH2Bco | B87: 0.022577611 | C87: 0.032357473 | D87: 0.023063781 | E87: 0.030901288 | F87: 0.020654045 | G87: 0.020984456 | H87: 0.017217819 | I87: 0.017036236 | J87: 0.014904775 | K87: 0.024738868 | L87: 0.027123288 | M87: 0.022575251 | N87: 0.017470074 | O87: 0.017751479 | P87: 0.024543223 | Q87: 0.020563595 | R87: 0.028421053 | S87: 0.021447721 | T87: 0.023417173 | U87: 0.038330494 | V87: 0.023635833 | W87: 0.029342027 | X87: 0.022457891 | Y87: 0.099914603 | Z87: 0 | AA87: 0 | AB87: 0.019251337 | AC87: 0.024423338 | AD87: 0.029263967 | AE87: 0.023225806 | AF87: 0.019131491 | AG87: 0.022995848 | AH87: 0.035573123 | AI87: 0.035649982 | AJ87: 0.03162827 | AK87: 0.032171582 | AL87: 0.059381443 | AM87: 0.071550256 | AN87: 0.059903714 | AO87: 0.061363636 | AP87: 0.046232877 | AQ87: 0.049259498 | AR87: 0.057171515 | AS87: 0.1020794 | AT87: 0.14333613 | AU87: 0.1497373 | AV87: 0.1338843 | AW87: 0.13815789 | AX87: 0.052427184 | AY87: 0.27820711 | AZ87: 0 | BA87: 0 | BB87: 0 | BC87: 0.016572717 | BD87: 0.032816623 | BE87: 0.015877863 | BF87: 0.039362088 | BG87: =IFERROR(VLOOKUP(CONCATENATE($A87,BG$25),Datos!$B:$AV,44,FALSE),"0") -> 0.026157247 | BH87: =IFERROR(VLOOKUP(CONCATENATE($A87,BH$25),Datos!$B:$AV,44,FALSE),"0") -> 0.025468952 | BI87: =IFERROR(VLOOKUP(CONCATENATE($A87,BI$25),Datos!$B:$AV,44,FALSE),"0") -> 0.027208062 | BJ87: =IFERROR(VLOOKUP(CONCATENATE($A87,BJ$25),Datos!$B:$AV,44,FALSE),"0") -> 0.026238208 | BK87: =IFERROR(VLOOKUP(CONCATENATE($A87,BK$25),Datos!$B:$AV,44,FALSE),"0") -> 0.027237913 | BL87: =IFERROR(VLOOKUP(CONCATENATE($A87,BL$25),Datos!$B:$AV,44,FALSE),"0") -> 0.031884058 | BM87: =IFERROR(VLOOKUP(CONCATENATE($A87,BM$25),Datos!$B:$AV,44,FALSE),"0") -> 0.022441399 | BN87: =IFERROR(VLOOKUP(CONCATENATE($A87,BN$25),Datos!$B:$AV,44,FALSE),"0") -> 0.37168142 | ... DA87: =IFERROR(VLOOKUP(CONCATENATE($A87,DA$25),Datos!$B:$AV,44,FALSE),"0") -> 0.017386265
A88: PICH5Bco | B88: 0 | C88: 0 | D88: 0 | E88: 0 | F88: 0 | G88: 0 | H88: 0 | I88: 0 | J88: 0 | K88: 0 | L88: 0 | M88: 0 | N88: 0 | O88: 0 | P88: 0 | Q88: 0 | R88: 0 | S88: 0 | T88: 0 | U88: 0 | V88: 0 | W88: 0 | X88: 0 | Y88: 0 | Z88: 0 | AA88: 0 | AB88: 0 | AC88: 0 | AD88: 0 | AE88: 0 | AF88: 0 | AG88: 0 | AH88: 0 | AI88: 0 | AJ88: 0 | AK88: 0 | AL88: 0 | AM88: 0 | AN88: 0 | AO88: 0 | AP88: 0.93548387 | AQ88: 0.57142857 | AR88: 0.029491101 | AS88: 0.039381003 | AT88: 0 | AU88: 0 | AV88: 0 | AW88: 0.037380894 | AX88: 0.019518927 | AY88: 0.011533533 | AZ88: 0.0091339648 | BA88: 0.010861367 | BB88: 0.015458384 | BC88: 0.014437801 | BD88: 0.014812002 | BE88: 0.011793826 | BF88: 0.01371351 | BG88: =IFERROR(VLOOKUP(CONCATENATE($A88,BG$25),Datos!$B:$AV,44,FALSE),"0") -> 0.034984127 | BH88: =IFERROR(VLOOKUP(CONCATENATE($A88,BH$25),Datos!$B:$AV,44,FALSE),"0") -> 0.071748879 | BI88: =IFERROR(VLOOKUP(CONCATENATE($A88,BI$25),Datos!$B:$AV,44,FALSE),"0") -> 0.027881885 | BJ88: =IFERROR(VLOOKUP(CONCATENATE($A88,BJ$25),Datos!$B:$AV,44,FALSE),"0") -> 0.045647194 | BK88: =IFERROR(VLOOKUP(CONCATENATE($A88,BK$25),Datos!$B:$AV,44,FALSE),"0") -> 0.023717949 | BL88: =IFERROR(VLOOKUP(CONCATENATE($A88,BL$25),Datos!$B:$AV,44,FALSE),"0") -> 0.02579588 | BM88: =IFERROR(VLOOKUP(CONCATENATE($A88,BM$25),Datos!$B:$AV,44,FALSE),"0") -> 0.036753372 | BN88: =IFERROR(VLOOKUP(CONCATENATE($A88,BN$25),Datos!$B:$AV,44,FALSE),"0") -> 0.028849558 | ... DA88: =IFERROR(VLOOKUP(CONCATENATE($A88,DA$25),Datos!$B:$AV,44,FALSE),"0") -> 0
A89: PICH5Cco | B89: 0.023946785 | C89: 0.025135969 | D89: 0.015957447 | E89: 0.017190714 | F89: 0.02229021 | G89: 0.018263516 | H89: 0.017741481 | I89: 0.019620056 | J89: 0.017064846 | K89: 0.013447433 | L89: 0.014535311 | M89: 0.017269373 | N89: 0.023462659 | O89: 0.020279405 | P89: 0.01741093 | Q89: 0.017229591 | R89: 0.017091312 | S89: 0.018637399 | T89: 0.016016427 | U89: 0.016819286 | V89: 0.017216009 | W89: 0.013999309 | X89: 0.016050584 | Y89: 0.015128593 | Z89: 0.012296762 | AA89: 0.018292683 | AB89: 0.013470173 | AC89: 0.013326752 | AD89: 0.015611448 | AE89: 0.016323166 | AF89: 0.017802198 | AG89: 0.016923077 | AH89: 0.012425219 | AI89: 0.013034033 | AJ89: 0.024105186 | AK89: 0.021052632 | AL89: 0.021241444 | AM89: 0.096217105 | AN89: 0.12022901 | AO89: 0 | AP89: 0.077464789 | AQ89: 0.063194851 | AR89: 0.060232476 | AS89: 0.031111111 | AT89: 0.036707453 | AU89: 0.037735849 | AV89: 0.028452875 | AW89: 0.028979674 | AX89: 0.038869258 | AY89: 0.025797822 | AZ89: 0.022326966 | BA89: 0.023657529 | BB89: 0.01848239 | BC89: 0.018277823 | BD89: 0.028207965 | BE89: 0.020842105 | BF89: 0.029062871 | BG89: =IFERROR(VLOOKUP(CONCATENATE($A89,BG$25),Datos!$B:$AV,44,FALSE),"0") -> 1 | BH89: =IFERROR(VLOOKUP(CONCATENATE($A89,BH$25),Datos!$B:$AV,44,FALSE),"0") -> 0.875 | BI89: =IFERROR(VLOOKUP(CONCATENATE($A89,BI$25),Datos!$B:$AV,44,FALSE),"0") -> 0.26587302 | BJ89: =IFERROR(VLOOKUP(CONCATENATE($A89,BJ$25),Datos!$B:$AV,44,FALSE),"0") -> 0.046494993 | BK89: =IFERROR(VLOOKUP(CONCATENATE($A89,BK$25),Datos!$B:$AV,44,FALSE),"0") -> 0.018969072 | BL89: =IFERROR(VLOOKUP(CONCATENATE($A89,BL$25),Datos!$B:$AV,44,FALSE),"0") -> 0.014561934 | BM89: =IFERROR(VLOOKUP(CONCATENATE($A89,BM$25),Datos!$B:$AV,44,FALSE),"0") -> 0.012897196 | BN89: =IFERROR(VLOOKUP(CONCATENATE($A89,BN$25),Datos!$B:$AV,44,FALSE),"0") -> 0.01996904 | ... DA89: =IFERROR(VLOOKUP(CONCATENATE($A89,DA$25),Datos!$B:$AV,44,FALSE),"0") -> 0.014560751
A90: PICH2Bcco | B90: 0.025122956 | C90: 0.026792963 | D90: 0.024469821 | E90: 0.022673198 | F90: 0.022363335 | G90: 0.026444662 | H90: 0.022900763 | I90: 0.022260009 | J90: 0.034853529 | K90: 0.14779614 | L90: 0.018675214 | M90: 0 | N90: 0 | O90: 0.037396122 | P90: 0.014596173 | Q90: 0.016121809 | R90: 0.014173228 | S90: 0.016021362 | T90: 0.010472727 | U90: 0.011563877 | V90: 0.011394208 | W90: 0.012230338 | X90: 0.013659129 | Y90: 0.011916584 | Z90: 0.01314741 | AA90: 0.020680147 | AB90: 0.012164217 | AC90: 0.01075983 | AD90: 0.012432847 | AE90: 0.014029618 | AF90: 0.013074269 | AG90: 0.018667035 | AH90: 0.015936896 | AI90: 0.01846326 | AJ90: 0.019952889 | AK90: 0.015885751 | AL90: 0.018789144 | AM90: 0.026243568 | AN90: 0.024136299 | AO90: 0.0238174 | AP90: 0 | AQ90: 0.033160275 | AR90: 0.039631705 | AS90: 0.034419458 | AT90: 0.048658042 | AU90: 0.042371404 | AV90: 0.033345095 | AW90: 0.035237218 | AX90: 0.045248135 | AY90: 0.068972659 | AZ90: 0 | BA90: 0 | BB90: 0 | BC90: 0 | BD90: 0 | BE90: 0 | BF90: 0 | BG90: =IFERROR(VLOOKUP(CONCATENATE($A90,BG$25),Datos!$B:$AV,44,FALSE),"0") -> 0 | BH90: =IFERROR(VLOOKUP(CONCATENATE($A90,BH$25),Datos!$B:$AV,44,FALSE),"0") -> 0 | BI90: =IFERROR(VLOOKUP(CONCATENATE($A90,BI$25),Datos!$B:$AV,44,FALSE),"0") -> 0 | BJ90: =IFERROR(VLOOKUP(CONCATENATE($A90,BJ$25),Datos!$B:$AV,44,FALSE),"0") -> 0 | BK90: =IFERROR(VLOOKUP(CONCATENATE($A90,BK$25),Datos!$B:$AV,44,FALSE),"0") -> 0 | BL90: =IFERROR(VLOOKUP(CONCATENATE($A90,BL$25),Datos!$B:$AV,44,FALSE),"0") -> 0 | BM90: =IFERROR(VLOOKUP(CONCATENATE($A90,BM$25),Datos!$B:$AV,44,FALSE),"0") -> 0 | BN90: =IFERROR(VLOOKUP(CONCATENATE($A90,BN$25),Datos!$B:$AV,44,FALSE),"0") -> 0 | ... DA90: =IFERROR(VLOOKUP(CONCATENATE($A90,DA$25),Datos!$B:$AV,44,FALSE),"0") -> 0
A91: PICH5Aco | B91: 0.16540257 | C91: 0 | D91: 0 | E91: 0 | F91: 0.061293984 | G91: 0.031952663 | H91: 0.030534351 | I91: 0.019433781 | J91: 0.034116755 | K91: 0.018897638 | L91: 0.022900763 | M91: 0.020195838 | N91: 0.035879144 | O91: 0.018427518 | P91: 0.014384656 | Q91: 0.018711019 | R91: 0.014623955 | S91: 0.017098446 | T91: 0.017468944 | U91: 0.017168292 | V91: 0.022801303 | W91: 0.021201413 | X91: 0.028224963 | Y91: 0.019973369 | Z91: 0.020093771 | AA91: 0.014814815 | AB91: 0.01791639 | AC91: 0.02504427 | AD91: 0.01907147 | AE91: 0.035801105 | AF91: 0.028490028 | AG91: 0.040783034 | AH91: 0.044854224 | AI91: 0.04264214 | AJ91: 0.045126919 | AK91: 0.04188211 | AL91: 0.051148999 | AM91: 0.083898305 | AN91: 0.078322785 | AO91: 0.069567707 | AP91: 0.046232877 | AQ91: 0 | AR91: 0 | AS91: 0 | AT91: 0 | AU91: 0 | AV91: 0 | AW91: 0.037380894 | AX91: 0.019518927 | AY91: 0.011533533 | AZ91: 0.0091339648 | BA91: 0.010861367 | BB91: 0.015458384 | BC91: 0.014437801 | BD91: 0.014812002 | BE91: 0.011793826 | BF91: 0.01371351 | BG91: =IFERROR(VLOOKUP(CONCATENATE($A91,BG$25),Datos!$B:$AV,44,FALSE),"0") -> 0.01610134 | BH91: =IFERROR(VLOOKUP(CONCATENATE($A91,BH$25),Datos!$B:$AV,44,FALSE),"0") -> 0.017413865 | BI91: =IFERROR(VLOOKUP(CONCATENATE($A91,BI$25),Datos!$B:$AV,44,FALSE),"0") -> 0.012912736 | BJ91: =IFERROR(VLOOKUP(CONCATENATE($A91,BJ$25),Datos!$B:$AV,44,FALSE),"0") -> 0.010796646 | BK91: =IFERROR(VLOOKUP(CONCATENATE($A91,BK$25),Datos!$B:$AV,44,FALSE),"0") -> 0.019828259 | BL91: =IFERROR(VLOOKUP(CONCATENATE($A91,BL$25),Datos!$B:$AV,44,FALSE),"0") -> 0.027546983 | BM91: =IFERROR(VLOOKUP(CONCATENATE($A91,BM$25),Datos!$B:$AV,44,FALSE),"0") -> 0.018690737 | BN91: =IFERROR(VLOOKUP(CONCATENATE($A91,BN$25),Datos!$B:$AV,44,FALSE),"0") -> 0.031386807 | ... DA91: =IFERROR(VLOOKUP(CONCATENATE($A91,DA$25),Datos!$B:$AV,44,FALSE),"0") -> 0.018280298
A92: Total Pichidegua: | B92: 0.0250738 | C92: 0.019502812 | D92: 0.024086097 | E92: 0.017136643 | F92: 0.017900334 | G92: 0.016635781 | H92: 0.015176493 | I92: 0.01445123 | J92: 0.015282815 | K92: 0.016322275 | L92: 0.014375199 | M92: 0.013704996 | N92: 0.015092608 | O92: 0.015579712 | P92: 0.01571968 | Q92: 0.01585541 | R92: 0.015827776 | S92: 0.015737169 | T92: 0.015880663 | U92: 0.019908241 | V92: 0.020234188 | W92: 0.016574626 | X92: 0.017714578 | Y92: 0.01810787 | Z92: 0.014424689 | AA92: 0.014718575 | AB92: 0.013887631 | AC92: 0.01514883 | AD92: 0.015401663 | AE92: 0.015788883 | AF92: 0.027336088 | AG92: 0.017968207 | AH92: 0.019032846 | AI92: 0.019789228 | AJ92: 0.018248618 | AK92: 0.021044185 | AL92: 0.018479666 | AM92: 0.024821223 | AN92: 0.019310171 | AO92: 0.019784305 | AP92: 0.018164345 | AQ92: 0.017223751 | AR92: 0.020931792 | AS92: 0.018015214 | AT92: 0.0192839 | AU92: 0.020489637 | AV92: 0.019127663 | AW92: 0.021596352 | AX92: 0.020415372 | AY92: 0.02741074 | AZ92: 0.015277927 | BA92: 0.013772113 | BB92: 0.013817308 | BC92: 0.029002804 | BD92: 0.015731689 | BE92: 0.013894517 | BF92: 0.013670915 | BG92: 0.015508995 | BH92: 0.016180844 | BI92: 0.01682598 | BJ92: 0.01502168 | BK92: 0.014011172 | BL92: 0.015068042 | BM92: 0.016182128 | BN92: 0.016927628 | BO92: 0.016822158 | BP92: 0.014959337 | BQ92: 0.01368229 | BR92: 0.016423699 | BS92: 0.015223317 | BT92: 0.015510504 | BU92: 0.01403619 | BV92: 0.015584678 | BW92: 0.014689835 | BX92: 0.012538636 | BY92: 0.011300224 | BZ92: 0.012864772 | CA92: 0.013844548 | CB92: 0.014407314 | CC92: 0.013600395 | CD92: 0.013578693 | CE92: 0.022870718 | CF92: 0.013177684 | CG92: 0.014989765 | CH92: 0.013096276 | CI92: 0.013672043 | CJ92: 0.012049994 | CK92: 0.012680243 | CL92: 0.013665117 | CM92: 0.010182005 | CN92: 0.010038596 | CO92: 0.0096015921 | CP92: 0.010600613 | CQ92: 0.013365234 | CR92: 0.010732861 | CS92: 0.0094203216 | CT92: 0.0097930114 | CU92: 0.010444011 | CV92: 0.010592319 | CW92: 0.0089455821 | CX92: 0.011363517 | CY92: 0.01124555 | CZ92: 0.011654532 | DA92: 0.011421422
A94: Total Empresa | B94: 0.023190096 | C94: 0.018603611 | D94: 0.022620666 | E94: 0.015902713 | F94: 0.016342623 | G94: 0.015291991 | H94: 0.014074881 | I94: 0.013576286 | J94: 0.014363011 | K94: 0.01573007 | L94: 0.013368565 | M94: 0.013559108 | N94: 0.014260927 | O94: 0.014314672 | P94: 0.014197807 | Q94: 0.014632153 | R94: 0.013844326 | S94: 0.013821829 | T94: 0.014375718 | U94: 0.018212751 | V94: 0.018355387 | W94: 0.014997474 | X94: 0.016523314 | Y94: 0.016268368 | Z94: 0.013200121 | AA94: 0.013385373 | AB94: 0.0128265 | AC94: 0.013796248 | AD94: 0.01413632 | AE94: 0.014429965 | AF94: 0.024172882 | AG94: 0.016227604 | AH94: 0.017021742 | AI94: 0.01682312 | AJ94: 0.016636731 | AK94: 0.018868127 | AL94: 0.017045496 | AM94: 0.0215329 | AN94: 0.018057193 | AO94: 0.017685367 | AP94: 0.01666125 | AQ94: 0.015914716 | AR94: 0.019309536 | AS94: 0.01685837 | AT94: 0.017367854 | AU94: 0.018912395 | AV94: 0.017553674 | AW94: 0.020344668 | AX94: 0.019568378 | AY94: 0.024918966 | AZ94: 0.015425723 | BA94: 0.013418723 | BB94: 0.013651394 | BC94: 0.026316462 | BD94: 0.014899979 | BE94: 0.013175198 | BF94: 0.013159685 | BG94: 0.015203823 | BH94: 0.016028317 | BI94: 0.016153281 | BJ94: 0.01489604 | BK94: 0.013164378 | BL94: 0.014275813 | BM94: 0.014990638 | BN94: 0.016141097 | BO94: 0.015828857 | BP94: 0.014098367 | BQ94: 0.012967375 | BR94: 0.015375672 | BS94: 0.014370482 | BT94: 0.014418114 | BU94: 0.013402606 | BV94: 0.014248736 | BW94: 0.014054293 | BX94: 0.011844864 | BY94: 0.011080587 | BZ94: 0.01241007 | CA94: 0.01278197 | CB94: 0.013519049 | CC94: 0.01284409 | CD94: 0.012641422 | CE94: 0.020987212 | CF94: 0.012593332 | CG94: 0.014312034 | CH94: 0.012479483 | CI94: 0.013140048 | CJ94: 0.012040609 | CK94: 0.01266145 | CL94: 0.013539921 | CM94: 0.010116827 | CN94: 0.01031757 | CO94: 0.0099761097 | CP94: 0.010982705 | CQ94: 0.0142203 | CR94: 0.011831314 | CS94: 0.010026451 | CT94: 0.0097953482 | CU94: 0.010457896 | CV94: 0.010693826 | CW94: 0.0095189445 | CX94: 0.011877858 | CY94: 0.011392153 | CZ94: 0.012285571 | DA94: 0.011352531
A97: LIQUIDO POR SECTOR | B97: S01 | C97: S02 | D97: S03 | E97: S04 | F97: S05 | G97: S06 | H97: S07 | I97: S08 | J97: S09 | K97: S10 | L97: S11 | M97: S12 | N97: S13 | O97: S14 | P97: S15 | Q97: S16 | R97: S17 | S97: S18 | T97: S19 | U97: S20 | V97: S21 | W97: S22 | X97: S23 | Y97: S24 | Z97: S25 | AA97: S26 | AB97: S27 | AC97: S28 | AD97: S29 | AE97: S30 | AF97: S31 | AG97: S32 | AH97: S33 | AI97: S34 | AJ97: S35 | AK97: S36 | AL97: S37 | AM97: S38 | AN97: S39 | AO97: S40 | AP97: S41 | AQ97: S42 | AR97: S43 | AS97: S44 | AT97: S45 | AU97: S46 | AV97: S47 | AW97: S48 | AX97: S49 | AY97: S50 | AZ97: S51 | BA97: S52 | BB97: 1 | BC97: 2 | BD97: 3 | BE97: 4 | BF97: 5 | BG97: 6 | BH97: 7 | BI97: 8 | BJ97: 9 | BK97: 10 | BL97: 11 | BM97: 12 | BN97: 13 | BO97: 14 | BP97: 15 | BQ97: 16 | BR97: 17 | BS97: 18 | BT97: 19 | BU97: 20 | BV97: 21 | BW97: 22 | BX97: 23 | BY97: 24 | BZ97: 25 | CA97: 26 | CB97: 27 | CC97: 28 | CD97: 29 | CE97: 30 | CF97: 31 | CG97: 32 | CH97: 33 | CI97: 34 | CJ97: 35 | CK97: 36 | CL97: 37 | CM97: 38 | CN97: 39 | CO97: 40 | CP97: 41 | CQ97: 42 | CR97: 43 | CS97: 44 | CT97: 45 | CU97: 46 | CV97: 47 | CW97: 48 | CX97: 49 | CY97: 50 | CZ97: 51 | DA97: 52
A98: CA3A | B98: 0.014302523 | C98: 0.01017991 | D98: 0.023352436 | E98: 0 | F98: 0 | G98: 0 | H98: 0 | I98: 0 | J98: 0.0043478261 | K98: 0 | L98: 0.0095115681 | M98: 0.0092470004 | N98: 0.0063690085 | O98: 0.0011929615 | P98: 0.0026516854 | Q98: 0.0026653974 | R98: 0.0011464055 | S98: 0.0003354579 | T98: 0.0053242118 | U98: 0.0047153924 | V98: 0.015903728 | W98: 0.0027697119 | X98: 0.0056037885 | Y98: 0.0029931973 | Z98: 0.0027861652 | AA98: 0.004069176 | AB98: 0.008534264 | AC98: 0.010674157 | AD98: 0.0039865072 | AE98: 0.0063016936 | AF98: 0.007337884 | AG98: 0.0033496732 | AH98: 0.0034328358 | AI98: 0.0040738986 | AJ98: 0.0044547872 | AK98: 0.0079721607 | AL98: 0.0024702939 | AM98: 0.0014798372 | AN98: 0.0085090909 | AO98: 0.0074990899 | AP98: 0.0043494287 | AQ98: 0.0062702004 | AR98: 0.010688836 | AS98: 0.0025706941 | AT98: 0.0056523787 | AU98: 0.0061653117 | AV98: 0.0030484486 | AW98: 0.0029482072 | AX98: 0.0053691275 | AY98: 0.0059990084 | AZ98: 0.0083984375 | BA98: 0.0084843129 | BB98: 0.0056755612 | BC98: 0.001561585 | BD98: 0.0012083862 | BE98: 0.0059696676 | BF98: 0.010507614 | BG98: 0.014115646 | BH98: 0.012908705 | BI98: 0.015535339 | BJ98: 0.010339841 | BK98: 0 | BL98: 0 | BM98: 0.011967362 | BN98: 0.011967362 | BO98: 0.014399421 | BP98: 0.0033274956 | BQ98: 0.010795125 | BR98: 0.015321155 | BS98: 0.015321155 | BT98: 0.010838273 | BU98: 0.00097943193 | BV98: =+VLOOKUP(CONCATENATE($A98,BV$25),Datos!$B:$AV,28,FALSE) -> 0 | BW98: =+VLOOKUP(CONCATENATE($A98,BW$25),Datos!$B:$AV,28,FALSE) -> 0 | BX98: =+VLOOKUP(CONCATENATE($A98,BX$25),Datos!$B:$AV,28,FALSE) -> 0 | BY98: =+VLOOKUP(CONCATENATE($A98,BY$25),Datos!$B:$AV,28,FALSE) -> 0 | BZ98: =+VLOOKUP(CONCATENATE($A98,BZ$25),Datos!$B:$AV,28,FALSE) -> 0 | CA98: =+VLOOKUP(CONCATENATE($A98,CA$25),Datos!$B:$AV,28,FALSE) -> 0 | CB98: =+VLOOKUP(CONCATENATE($A98,CB$25),Datos!$B:$AV,28,FALSE) -> 0 | CC98: =+VLOOKUP(CONCATENATE($A98,CC$25),Datos!$B:$AV,28,FALSE) -> 0 | CD98: =+VLOOKUP(CONCATENATE($A98,CD$25),Datos!$B:$AV,28,FALSE) -> 0 | CE98: =IFERROR(VLOOKUP(CONCATENATE($A98,CE$25),Datos!$B:$AV,46,FALSE),"0") -> 0.023583769 | CF98: =IFERROR(VLOOKUP(CONCATENATE($A98,CF$25),Datos!$B:$AV,46,FALSE),"0") -> 0.0043868014 | CG98: =IFERROR(VLOOKUP(CONCATENATE($A98,CG$25),Datos!$B:$AV,46,FALSE),"0") -> 0.011371294 | CH98: =IFERROR(VLOOKUP(CONCATENATE($A98,CH$25),Datos!$B:$AV,46,FALSE),"0") -> 0.0087225661 | CI98: =IFERROR(VLOOKUP(CONCATENATE($A98,CI$25),Datos!$B:$AV,46,FALSE),"0") -> 0.011863354 | CJ98: =IFERROR(VLOOKUP(CONCATENATE($A98,CJ$25),Datos!$B:$AV,46,FALSE),"0") -> 0.027800089 | CK98: =IFERROR(VLOOKUP(CONCATENATE($A98,CK$25),Datos!$B:$AV,46,FALSE),"0") -> 0.0067513369 | CL98: =IFERROR(VLOOKUP(CONCATENATE($A98,CL$25),Datos!$B:$AV,46,FALSE),"0") -> 0.019330225 | ... DA98: =IFERROR(VLOOKUP(CONCATENATE($A98,DA$25),Datos!$B:$AV,46,FALSE),"0") -> 0.02549505
